"STATION","DATE","LATITUDE","LONGITUDE","ELEVATION","NAME","TEMP","TEMP_ATTRIBUTES","DEWP","DEWP_ATTRIBUTES","SLP","SLP_ATTRIBUTES","STP","STP_ATTRIBUTES","VISIB","VISIB_ATTRIBUTES","WDSP","WDSP_ATTRIBUTES","MXSPD","GUST","MAX","MAX_ATTRIBUTES","MIN","MIN_ATTRIBUTES","PRCP","PRCP_ATTRIBUTES","SNDP","FRSHTT"
"99405099999","2014-01-01","26.61","-80.03","0.0","LAKE WORTH FL, US","  75.1","24","9999.9"," 0","1020.8","24","999.9"," 0","999.9"," 0"," 17.0","24"," 20.0"," 25.1","  77.7","*","  73.4","*"," 0.00","I","999.9","000000"
"99405099999","2014-01-02","26.61","-80.03","0.0","LAKE WORTH FL, US","  78.0","24","9999.9"," 0","1015.0","24","999.9"," 0","999.9"," 0"," 15.0","24"," 21.0"," 25.1","  81.9","*","  76.1","*"," 0.00","I","999.9","000000"
"99405099999","2014-01-03","26.61","-80.03","0.0","LAKE WORTH FL, US","  66.7","24","9999.9"," 0","1015.5","24","999.9"," 0","999.9"," 0"," 14.6","24"," 26.0"," 32.1","  78.1","*","  58.5","*"," 0.00","I","999.9","000000"
"99405099999","2014-01-04","26.61","-80.03","0.0","LAKE WORTH FL, US","  69.9","23","9999.9"," 0","1020.0","23","999.9"," 0","999.9"," 0"," 14.7","23"," 21.0"," 24.1","  73.9","*","  66.6","*"," 0.00","I","999.9","000000"
"99405099999","2014-01-05","26.61","-80.03","0.0","LAKE WORTH FL, US","  75.8","24","9999.9"," 0","1016.2","24","999.9"," 0","999.9"," 0"," 14.4","24"," 24.1"," 29.9","  78.1","*","  71.8","*"," 0.00","I","999.9","000000"
"99405099999","2014-01-06","26.61","-80.03","0.0","LAKE WORTH FL, US","  74.3","24","9999.9"," 0","1015.4","24","999.9"," 0","999.9"," 0","  5.8","24","  8.9"," 18.1","  81.5","*","  69.3","*"," 0.00","I","999.9","000000"
"99405099999","2014-01-07","26.61","-80.03","0.0","LAKE WORTH FL, US","  55.1","24","9999.9"," 0","1022.6","24","999.9"," 0","999.9"," 0"," 16.4","24"," 19.0"," 26.0","  72.1","*","  47.8","*"," 0.00","I","999.9","000000"
"99405099999","2014-01-08","26.61","-80.03","0.0","LAKE WORTH FL, US","  64.0","23","9999.9"," 0","1024.0","23","999.9"," 0","999.9"," 0"," 18.9","23"," 26.0"," 28.9","  69.1","*","  53.6","*"," 0.00","I","999.9","000000"
"99405099999","2014-01-09","26.61","-80.03","0.0","LAKE WORTH FL, US","  72.8","24","9999.9"," 0","1022.0","24","999.9"," 0","999.9"," 0"," 21.9","24"," 25.1"," 28.9","  75.0","*","  69.8","*"," 0.00","I","999.9","000000"
"99405099999","2014-01-10","26.61","-80.03","0.0","LAKE WORTH FL, US","  73.9","24","9999.9"," 0","1020.0","24","999.9"," 0","999.9"," 0"," 15.0","24"," 29.9"," 35.0","  77.4","*","  67.5","*"," 0.00","I","999.9","000000"
"99405099999","2014-01-11","26.61","-80.03","0.0","LAKE WORTH FL, US","  77.2","24","9999.9"," 0","1017.6","24","999.9"," 0","999.9"," 0"," 16.6","24"," 21.0"," 25.1","  77.7","*","  76.6","*"," 0.00","I","999.9","000000"
"99405099999","2014-01-12","26.61","-80.03","0.0","LAKE WORTH FL, US","  71.8","24","9999.9"," 0","1018.0","24","999.9"," 0","999.9"," 0"," 10.0","24"," 17.1"," 21.0","  77.2","*","  67.3","*"," 0.00","I","999.9","000000"
"99405099999","2014-01-13","26.61","-80.03","0.0","LAKE WORTH FL, US","  73.7","24","9999.9"," 0","1019.4","24","999.9"," 0","999.9"," 0"," 10.8","24"," 13.0"," 15.0","  76.8","*","  71.2","*"," 0.00","I","999.9","000000"
"99405099999","2014-01-14","26.61","-80.03","0.0","LAKE WORTH FL, US","  76.3","24","9999.9"," 0","1015.2","24","999.9"," 0","999.9"," 0","  9.9","24"," 14.0"," 20.0","  80.4","*","  71.4","*"," 0.00","I","999.9","000000"
"99405099999","2014-01-15","26.61","-80.03","0.0","LAKE WORTH FL, US","  68.2","24","9999.9"," 0","1014.3","24","999.9"," 0","999.9"," 0","  6.6","24"," 12.0"," 15.9","  77.0","*","  61.9","*"," 0.00","I","999.9","000000"
"99405099999","2014-01-16","26.61","-80.03","0.0","LAKE WORTH FL, US","  57.3","24","9999.9"," 0","1016.1","24","999.9"," 0","999.9"," 0","  9.7","24"," 15.9"," 22.9","  61.0","*","  52.9","*"," 0.00","I","999.9","000000"
"99405099999","2014-01-17","26.61","-80.03","0.0","LAKE WORTH FL, US","  53.5","23","9999.9"," 0","1019.9","23","999.9"," 0","999.9"," 0","  7.4","23","  9.9"," 12.0","  63.1","*","  44.2","*"," 0.00","I","999.9","000000"
"99405099999","2014-01-18","26.61","-80.03","0.0","LAKE WORTH FL, US","  58.2","24","9999.9"," 0","1020.8","24","999.9"," 0","999.9"," 0","  7.7","24"," 14.0"," 18.1","  63.3","*","  52.7","*"," 0.00","I","999.9","000000"
"99405099999","2014-01-19","26.61","-80.03","0.0","LAKE WORTH FL, US","  54.9","24","9999.9"," 0","1021.9","24","999.9"," 0","999.9"," 0","  6.1","24","  9.9"," 14.0","  67.3","*","  44.2","*"," 0.00","I","999.9","000000"
"99405099999","2014-01-20","26.61","-80.03","0.0","LAKE WORTH FL, US","  64.0","24","9999.9"," 0","1019.7","24","999.9"," 0","999.9"," 0","  5.6","24","  9.9"," 17.1","  74.1","*","  57.0","*"," 0.00","I","999.9","000000"
"99405099999","2014-01-21","26.61","-80.03","0.0","LAKE WORTH FL, US","  66.5","24","9999.9"," 0","1015.1","24","999.9"," 0","999.9"," 0","  8.1","24"," 15.0"," 21.0","  71.4","*","  62.1","*"," 0.00","I","999.9","000000"
"99405099999","2014-01-22","26.61","-80.03","0.0","LAKE WORTH FL, US","  58.3","24","9999.9"," 0","1015.1","24","999.9"," 0","999.9"," 0"," 11.0","24"," 15.9"," 21.0","  64.9","*","  51.1","*"," 0.00","I","999.9","000000"
"99405099999","2014-01-23","26.61","-80.03","0.0","LAKE WORTH FL, US","  55.6","24","9999.9"," 0","1022.0","24","999.9"," 0","999.9"," 0","  9.7","24"," 15.9"," 20.0","  64.8","*","  45.0","*"," 0.00","I","999.9","000000"
"99405099999","2014-01-24","26.61","-80.03","0.0","LAKE WORTH FL, US","  61.1","24","9999.9"," 0","1024.9","24","999.9"," 0","999.9"," 0"," 14.1","24"," 25.1"," 28.0","  64.8","*","  58.1","*"," 0.00","I","999.9","000000"
"99405099999","2014-01-25","26.61","-80.03","0.0","LAKE WORTH FL, US","  61.6","24","9999.9"," 0","1020.8","24","999.9"," 0","999.9"," 0","  6.7","24"," 14.0"," 17.1","  72.7","*","  52.5","*"," 0.00","I","999.9","000000"
"99405099999","2014-01-26","26.61","-80.03","0.0","LAKE WORTH FL, US","  66.1","24","9999.9"," 0","1017.0","24","999.9"," 0","999.9"," 0","  4.5","24"," 11.1"," 12.0","  73.4","*","  58.5","*"," 0.00","I","999.9","000000"
"99405099999","2014-01-27","26.61","-80.03","0.0","LAKE WORTH FL, US","  71.6","24","9999.9"," 0","1015.2","24","999.9"," 0","999.9"," 0","  8.6","24"," 14.0"," 15.9","  77.0","*","  64.2","*"," 0.00","I","999.9","000000"
"99405099999","2014-01-28","26.61","-80.03","0.0","LAKE WORTH FL, US","  71.0","24","9999.9"," 0","1016.0","24","999.9"," 0","999.9"," 0","  6.4","24"," 13.0"," 15.0","  75.4","*","  65.7","*"," 0.00","I","999.9","000000"
"99405099999","2014-01-29","26.61","-80.03","0.0","LAKE WORTH FL, US","  70.3","24","9999.9"," 0","1016.0","24","999.9"," 0","999.9"," 0","  9.4","24"," 19.0"," 22.9","  75.2","*","  64.9","*"," 0.00","I","999.9","000000"
"99405099999","2014-01-30","26.61","-80.03","0.0","LAKE WORTH FL, US","  67.1","24","9999.9"," 0","1017.3","24","999.9"," 0","999.9"," 0"," 12.1","24"," 24.1"," 28.0","  71.2","*","  64.6","*"," 0.00","I","999.9","000000"
"99405099999","2014-01-31","26.61","-80.03","0.0","LAKE WORTH FL, US","  72.8","24","9999.9"," 0","1016.9","24","999.9"," 0","999.9"," 0"," 11.2","24"," 15.9"," 18.1","  76.8","*","  66.0","*"," 0.00","I","999.9","000000"
"99405099999","2014-02-01","26.61","-80.03","0.0","LAKE WORTH FL, US","  76.2","24","9999.9"," 0","1018.2","24","999.9"," 0","999.9"," 0"," 11.8","24"," 15.0"," 18.1","  76.8","*","  75.6","*"," 0.00","I","999.9","000000"
"99405099999","2014-02-02","26.61","-80.03","0.0","LAKE WORTH FL, US","  76.2","24","9999.9"," 0","1019.2","24","999.9"," 0","999.9"," 0"," 10.1","24"," 13.0"," 15.0","  77.0","*","  74.7","*"," 0.00","I","999.9","000000"
"99405099999","2014-02-03","26.61","-80.03","0.0","LAKE WORTH FL, US","  76.4","22","9999.9"," 0","1017.8","22","999.9"," 0","999.9"," 0"," 12.6","22"," 17.1"," 19.0","  77.0","*","  75.7","*"," 0.00","I","999.9","000000"
"99405099999","2014-02-04","26.61","-80.03","0.0","LAKE WORTH FL, US","  76.3","24","9999.9"," 0","1018.7","24","999.9"," 0","999.9"," 0"," 10.6","24"," 15.0"," 17.1","  77.0","*","  75.9","*"," 0.00","I","999.9","000000"
"99405099999","2014-02-05","26.61","-80.03","0.0","LAKE WORTH FL, US","  76.3","24","9999.9"," 0","1017.8","24","999.9"," 0","999.9"," 0"," 13.6","24"," 17.1"," 20.0","  76.8","*","  72.9","*"," 0.00","I","999.9","000000"
"99405099999","2014-02-06","26.61","-80.03","0.0","LAKE WORTH FL, US","  73.8","24","9999.9"," 0","1017.9","24","999.9"," 0","999.9"," 0","  5.3","24"," 12.0"," 14.0","  80.2","*","  72.3","*"," 0.00","I","999.9","000000"
"99405099999","2014-02-07","26.61","-80.03","0.0","LAKE WORTH FL, US","  72.4","24","9999.9"," 0","1018.6","24","999.9"," 0","999.9"," 0","  7.4","24"," 17.1","999.9","  76.6","*","  66.0","*"," 0.00","I","999.9","000000"
"99405099999","2014-02-08","26.61","-80.03","0.0","LAKE WORTH FL, US","  72.9","24","9999.9"," 0","1017.9","24","999.9"," 0","999.9"," 0","  9.0","24"," 21.0"," 22.0","  77.2","*","  69.6","*"," 0.00","I","999.9","000000"
"99405099999","2014-02-09","26.61","-80.03","0.0","LAKE WORTH FL, US","  68.8","24","9999.9"," 0","1017.0","24","999.9"," 0","999.9"," 0"," 10.4","24"," 22.9"," 25.1","  71.2","*","  65.3","*"," 0.00","I","999.9","000000"
"99405099999","2014-02-10","26.61","-80.03","0.0","LAKE WORTH FL, US","  69.5","24","9999.9"," 0","1017.1","24","999.9"," 0","999.9"," 0","  8.4","24"," 13.0"," 15.9","  75.0","*","  64.8","*"," 0.00","I","999.9","000000"
"99405099999","2014-02-11","26.61","-80.03","0.0","LAKE WORTH FL, US","  74.5","24","9999.9"," 0","1016.8","24","999.9"," 0","999.9"," 0"," 10.7","24"," 15.0"," 17.1","  77.5","*","  73.2","*"," 0.00","I","999.9","000000"
"99405099999","2014-02-12","26.61","-80.03","0.0","LAKE WORTH FL, US","  73.4","24","9999.9"," 0","1014.7","24","999.9"," 0","999.9"," 0","  9.7","24"," 25.1"," 28.0","  77.0","*","  67.1","*"," 0.00","I","999.9","000000"
"99405099999","2014-02-13","26.61","-80.03","0.0","LAKE WORTH FL, US","  68.1","24","9999.9"," 0","1009.3","24","999.9"," 0","999.9"," 0"," 12.6","24"," 24.1"," 33.0","  76.3","*","  63.7","*"," 0.00","I","999.9","000000"
"99405099999","2014-02-14","26.61","-80.03","0.0","LAKE WORTH FL, US","  57.5","24","9999.9"," 0","1015.4","24","999.9"," 0","999.9"," 0","  6.0","24","  8.9"," 13.0","  66.4","*","  46.9","*"," 0.00","I","999.9","000000"
"99405099999","2014-02-15","26.61","-80.03","0.0","LAKE WORTH FL, US","  65.3","23","9999.9"," 0","1015.9","23","999.9"," 0","999.9"," 0","  8.9","23"," 19.0"," 22.9","  76.1","*","  55.9","*"," 0.00","I","999.9","000000"
"99405099999","2014-02-16","26.61","-80.03","0.0","LAKE WORTH FL, US","  63.2","24","9999.9"," 0","1019.6","24","999.9"," 0","999.9"," 0","  7.7","24"," 12.0"," 15.9","  72.0","*","  51.6","*"," 0.00","I","999.9","000000"
"99405099999","2014-02-17","26.61","-80.03","0.0","LAKE WORTH FL, US","  68.5","24","9999.9"," 0","1021.5","24","999.9"," 0","999.9"," 0","  6.6","24","  9.9"," 12.0","  72.7","*","  64.2","*"," 0.00","I","999.9","000000"
"99405099999","2014-02-18","26.61","-80.03","0.0","LAKE WORTH FL, US","  72.9","24","9999.9"," 0","1022.2","24","999.9"," 0","999.9"," 0","  8.2","24"," 12.0"," 14.0","  75.0","*","  71.2","*"," 0.00","I","999.9","000000"
"99405099999","2014-02-19","26.61","-80.03","0.0","LAKE WORTH FL, US","  73.9","24","9999.9"," 0","1020.6","24","999.9"," 0","999.9"," 0"," 10.2","24"," 13.0"," 14.0","  75.2","*","  72.7","*"," 0.00","I","999.9","000000"
"99405099999","2014-02-20","26.61","-80.03","0.0","LAKE WORTH FL, US","  75.5","24","9999.9"," 0","1019.9","24","999.9"," 0","999.9"," 0"," 12.0","24"," 17.1"," 19.0","  76.6","*","  74.8","*"," 0.00","I","999.9","000000"
"99405099999","2014-02-21","26.61","-80.03","0.0","LAKE WORTH FL, US","  76.5","24","9999.9"," 0","1018.2","24","999.9"," 0","999.9"," 0"," 17.1","24"," 20.0"," 22.9","  77.0","*","  75.9","*"," 0.00","I","999.9","000000"
"99405099999","2014-02-22","26.61","-80.03","0.0","LAKE WORTH FL, US","  75.8","24","9999.9"," 0","1017.6","24","999.9"," 0","999.9"," 0","  9.2","24"," 15.0"," 17.1","  77.2","*","  72.5","*"," 0.00","I","999.9","000000"
"99405099999","2014-02-23","26.61","-80.03","0.0","LAKE WORTH FL, US","  75.1","24","9999.9"," 0","1017.5","24","999.9"," 0","999.9"," 0","  7.6","24"," 15.0"," 15.9","  77.5","*","  72.5","*"," 0.00","I","999.9","000000"
"99405099999","2014-02-24","26.61","-80.03","0.0","LAKE WORTH FL, US","  75.7","24","9999.9"," 0","1015.8","24","999.9"," 0","999.9"," 0","  6.3","24"," 13.0"," 15.9","  81.7","*","  70.9","*"," 0.00","I","999.9","000000"
"99405099999","2014-02-25","26.61","-80.03","0.0","LAKE WORTH FL, US","  74.9","24","9999.9"," 0","1015.5","24","999.9"," 0","999.9"," 0","  5.1","24","  8.9"," 11.1","  79.2","*","  69.8","*"," 0.00","I","999.9","000000"
"99405099999","2014-02-26","26.61","-80.03","0.0","LAKE WORTH FL, US","  74.9","24","9999.9"," 0","1011.8","24","999.9"," 0","999.9"," 0","  7.8","24"," 15.9"," 22.0","  82.2","*","  66.4","*"," 0.00","I","999.9","000000"
"99405099999","2014-02-27","26.61","-80.03","0.0","LAKE WORTH FL, US","  72.1","24","9999.9"," 0","1009.8","24","999.9"," 0","999.9"," 0"," 10.2","24"," 14.0"," 17.1","  77.0","*","  68.2","*"," 0.00","I","999.9","000000"
"99405099999","2014-02-28","26.61","-80.03","0.0","LAKE WORTH FL, US","  65.7","24","9999.9"," 0","1014.1","24","999.9"," 0","999.9"," 0","  7.0","24"," 11.1"," 14.0","  70.7","*","  60.3","*"," 0.00","I","999.9","000000"
"99405099999","2014-03-01","26.61","-80.03","0.0","LAKE WORTH FL, US","  66.9","24","9999.9"," 0","1018.7","24","999.9"," 0","999.9"," 0","  8.6","24"," 17.1"," 20.0","  73.9","*","  59.5","*"," 0.00","I","999.9","000000"
"99405099999","2014-03-02","26.61","-80.03","0.0","LAKE WORTH FL, US","  73.3","24","9999.9"," 0","1020.3","24","999.9"," 0","999.9"," 0"," 10.8","24"," 15.9"," 18.1","  75.0","*","  72.1","*"," 0.00","I","999.9","000000"
"99405099999","2014-03-03","26.61","-80.03","0.0","LAKE WORTH FL, US","  73.7","24","9999.9"," 0","1017.5","24","999.9"," 0","999.9"," 0","  9.5","24"," 15.0"," 17.1","  75.9","*","  65.5","*"," 0.00","I","999.9","000000"
"99405099999","2014-03-04","26.61","-80.03","0.0","LAKE WORTH FL, US","  71.1","24","9999.9"," 0","1016.4","24","999.9"," 0","999.9"," 0","  7.4","24"," 15.9"," 17.1","  75.6","*","  64.8","*"," 0.00","I","999.9","000000"
"99405099999","2014-03-05","26.61","-80.03","0.0","LAKE WORTH FL, US","  75.1","24","9999.9"," 0","1015.4","24","999.9"," 0","999.9"," 0"," 10.4","24"," 22.0"," 28.0","  76.8","*","  70.5","*"," 0.00","I","999.9","000000"
"99405099999","2014-03-06","26.61","-80.03","0.0","LAKE WORTH FL, US","  73.5","23","9999.9"," 0","1012.7","23","999.9"," 0","999.9"," 0","  6.8","23"," 18.1"," 20.0","  76.6","*","  67.6","*"," 0.00","I","999.9","000000"
"99405099999","2014-03-07","26.61","-80.03","0.0","LAKE WORTH FL, US","  70.6","24","9999.9"," 0","1010.0","24","999.9"," 0","999.9"," 0","  9.6","24"," 18.1"," 22.9","  75.0","*","  68.2","*"," 0.00","I","999.9","000000"
"99405099999","2014-03-08","26.61","-80.03","0.0","LAKE WORTH FL, US","  61.4","24","9999.9"," 0","1017.4","24","999.9"," 0","999.9"," 0","  8.6","24"," 15.0"," 15.9","  68.0","*","  53.1","*"," 0.00","I","999.9","000000"
"99405099999","2014-03-09","26.61","-80.03","0.0","LAKE WORTH FL, US","  67.4","24","9999.9"," 0","1019.8","24","999.9"," 0","999.9"," 0","  8.1","24"," 15.0"," 17.1","  72.0","*","  63.0","*"," 0.00","I","999.9","000000"
"99405099999","2014-03-10","26.61","-80.03","0.0","LAKE WORTH FL, US","  71.3","24","9999.9"," 0","1018.1","24","999.9"," 0","999.9"," 0","  7.4","24"," 15.0"," 15.9","  74.5","*","  66.6","*"," 0.00","I","999.9","000000"
"99405099999","2014-03-11","26.61","-80.03","0.0","LAKE WORTH FL, US","  70.7","24","9999.9"," 0","1014.3","24","999.9"," 0","999.9"," 0","  9.0","24"," 18.1"," 19.0","  74.7","*","  64.6","*"," 0.00","I","999.9","000000"
"99405099999","2014-03-12","26.61","-80.03","0.0","LAKE WORTH FL, US","  76.4","24","9999.9"," 0","1010.4","24","999.9"," 0","999.9"," 0"," 12.3","24"," 19.0"," 22.0","  83.1","*","  71.8","*"," 0.00","I","999.9","000000"
"99405099999","2014-03-13","26.61","-80.03","0.0","LAKE WORTH FL, US","  67.9","24","9999.9"," 0","1013.9","24","999.9"," 0","999.9"," 0"," 15.0","24"," 25.1"," 28.0","  76.1","*","  61.3","*"," 0.00","I","999.9","000000"
"99405099999","2014-03-14","26.61","-80.03","0.0","LAKE WORTH FL, US","  66.9","24","9999.9"," 0","1021.9","24","999.9"," 0","999.9"," 0"," 16.1","24"," 22.0"," 27.0","  68.9","*","  64.0","*"," 0.00","I","999.9","000000"
"99405099999","2014-03-15","26.61","-80.03","0.0","LAKE WORTH FL, US","  71.6","24","9999.9"," 0","1019.9","24","999.9"," 0","999.9"," 0","  9.4","24"," 13.0"," 17.1","  73.8","*","  68.9","*"," 0.00","I","999.9","000000"
"99405099999","2014-03-16","26.61","-80.03","0.0","LAKE WORTH FL, US","  73.9","24","9999.9"," 0","1014.9","24","999.9"," 0","999.9"," 0"," 15.8","24"," 21.0"," 24.1","  75.4","*","  73.2","*"," 0.00","I","999.9","000000"
"99405099999","2014-03-17","26.61","-80.03","0.0","LAKE WORTH FL, US","  75.5","24","9999.9"," 0","1009.0","24","999.9"," 0","999.9"," 0"," 17.2","24"," 22.9"," 25.1","  76.5","*","  74.7","*"," 0.00","I","999.9","000000"
"99405099999","2014-03-18","26.61","-80.03","0.0","LAKE WORTH FL, US","  74.3","24","9999.9"," 0","1009.6","24","999.9"," 0","999.9"," 0"," 13.2","24"," 21.0"," 28.9","  79.0","*","  67.1","*"," 0.00","I","999.9","000000"
"99405099999","2014-03-19","26.61","-80.03","0.0","LAKE WORTH FL, US","  72.7","24","  60.5"," 4","1016.3","24","999.9"," 0","999.9"," 0","  5.2","24","  8.9","  9.9","  76.6","*","  66.6","*"," 0.00","I","999.9","000000"
"99405099999","2014-03-20","26.61","-80.03","0.0","LAKE WORTH FL, US","  74.1","24","  64.8","24","1016.2","24","999.9"," 0","999.9"," 0","  6.3","24"," 11.1"," 13.0","  75.2","*","  71.6","*"," 0.00","I","999.9","000000"
"99405099999","2014-03-21","26.61","-80.03","0.0","LAKE WORTH FL, US","  73.9","24","  66.9","24","1016.1","24","999.9"," 0","999.9"," 0","  8.7","24"," 13.0"," 15.0","  76.1","*","  68.0","*"," 0.00","I","999.9","000000"
"99405099999","2014-03-22","26.61","-80.03","0.0","LAKE WORTH FL, US","  74.6","24","  67.4","24","1017.0","24","999.9"," 0","999.9"," 0"," 16.1","24"," 19.0"," 22.9","  75.7","*","  71.1","*"," 0.00","I","999.9","000000"
"99405099999","2014-03-23","26.61","-80.03","0.0","LAKE WORTH FL, US","  73.5","24","  67.1","24","1016.2","24","999.9"," 0","999.9"," 0","  6.5","24"," 15.9"," 17.1","  77.9","*","  68.5","*"," 0.00","I","999.9","000000"
"99405099999","2014-03-24","26.61","-80.03","0.0","LAKE WORTH FL, US","  72.6","24","  66.2","24","1015.3","24","999.9"," 0","999.9"," 0","  7.0","24"," 12.0"," 15.9","  78.8","*","  68.7","*"," 0.00","I","999.9","000000"
"99405099999","2014-03-25","26.61","-80.03","0.0","LAKE WORTH FL, US","  69.1","24","  64.2","24","1012.4","24","999.9"," 0","999.9"," 0","  7.9","24"," 12.0"," 18.1","  76.5","*","  65.5","*"," 0.00","I","999.9","000000"
"99405099999","2014-03-26","26.61","-80.03","0.0","LAKE WORTH FL, US","  61.4","24","  47.9","24","1019.3","24","999.9"," 0","999.9"," 0"," 15.6","24"," 22.9"," 28.0","  73.4","*","  55.2","*"," 0.00","I","999.9","000000"
"99405099999","2014-03-27","26.61","-80.03","0.0","LAKE WORTH FL, US","  67.5","24","  54.2","24","1024.0","24","999.9"," 0","999.9"," 0"," 13.7","24"," 19.0"," 22.9","  71.4","*","  60.4","*"," 0.00","I","999.9","000000"
"99405099999","2014-03-28","26.61","-80.03","0.0","LAKE WORTH FL, US","  74.1","24","  62.5","24","1020.7","24","999.9"," 0","999.9"," 0"," 18.8","24"," 25.1"," 28.9","  75.2","*","  72.1","*"," 0.00","I","999.9","000000"
"99405099999","2014-03-29","26.61","-80.03","0.0","LAKE WORTH FL, US","  75.8","24","  70.8","24","1016.4","24","999.9"," 0","999.9"," 0"," 17.2","24"," 22.0"," 24.1","  77.0","*","  71.6","*"," 0.00","I","999.9","000000"
"99405099999","2014-03-30","26.61","-80.03","0.0","LAKE WORTH FL, US","  70.3","24","  59.1","23","1014.5","24","999.9"," 0","999.9"," 0","  8.7","24"," 14.0"," 19.0","  74.5","*","  66.7","*"," 0.00","I","999.9","000000"
"99405099999","2014-03-31","26.61","-80.03","0.0","LAKE WORTH FL, US","  66.9","24","  52.6","24","1018.4","24","999.9"," 0","999.9"," 0","  8.5","24"," 13.0"," 15.0","  72.0","*","  59.4","*"," 0.00","I","999.9","000000"
"99405099999","2014-04-01","26.61","-80.03","0.0","LAKE WORTH FL, US","  72.2","24","  57.9","24","1020.2","24","999.9"," 0","999.9"," 0","  6.5","24"," 12.0"," 13.0","  73.8","*","  68.5","*"," 0.00","I","999.9","000000"
"99405099999","2014-04-02","26.61","-80.03","0.0","LAKE WORTH FL, US","  72.5","24","  57.2","24","1021.1","24","999.9"," 0","999.9"," 0","  7.8","24","  9.9"," 13.0","  73.8","*","  71.8","*"," 0.00","I","999.9","000000"
"99405099999","2014-04-03","26.61","-80.03","0.0","LAKE WORTH FL, US","  73.9","24","  60.7","24","1019.9","24","999.9"," 0","999.9"," 0"," 11.3","24"," 13.0"," 15.9","  74.7","*","  73.0","*"," 0.00","I","999.9","000000"
"99405099999","2014-04-04","26.61","-80.03","0.0","LAKE WORTH FL, US","  75.3","24","  62.9","24","1017.4","24","999.9"," 0","999.9"," 0"," 13.0","24"," 17.1"," 19.0","  76.5","*","  74.5","*"," 0.00","I","999.9","000000"
"99405099999","2014-04-05","26.61","-80.03","0.0","LAKE WORTH FL, US","  75.5","24","  64.7","24","1016.4","24","999.9"," 0","999.9"," 0","  9.1","24"," 13.0"," 15.0","  77.4","*","  71.2","*"," 0.00","I","999.9","000000"
"99405099999","2014-04-06","26.61","-80.03","0.0","LAKE WORTH FL, US","  75.7","24","  65.8","24","1015.8","24","999.9"," 0","999.9"," 0"," 10.4","24"," 15.9"," 19.0","  76.8","*","  71.4","*"," 0.00","I","999.9","000000"
"99405099999","2014-04-07","26.61","-80.03","0.0","LAKE WORTH FL, US","  76.9","24","  69.5","24","1013.9","24","999.9"," 0","999.9"," 0"," 17.1","24"," 20.0"," 22.9","  77.7","*","  76.1","*"," 0.00","I","999.9","000000"
"99405099999","2014-04-08","26.61","-80.03","0.0","LAKE WORTH FL, US","  77.9","24","  72.2","24","1010.5","24","999.9"," 0","999.9"," 0"," 15.6","24"," 22.9"," 33.0","  85.8","*","  72.3","*"," 0.00","I","999.9","000000"
"99405099999","2014-04-09","26.61","-80.03","0.0","LAKE WORTH FL, US","  69.3","24","  55.4","24","1014.1","24","999.9"," 0","999.9"," 0"," 11.0","24"," 17.1"," 26.0","  73.4","*","  65.5","*"," 0.00","I","999.9","000000"
"99405099999","2014-04-10","26.61","-80.03","0.0","LAKE WORTH FL, US","  72.1","24","  51.4","24","1022.0","24","999.9"," 0","999.9"," 0"," 12.5","24"," 15.9"," 19.0","  73.2","*","  71.1","*"," 0.00","I","999.9","000000"
"99405099999","2014-04-11","26.61","-80.03","0.0","LAKE WORTH FL, US","  73.1","24","  60.9","24","1022.1","24","999.9"," 0","999.9"," 0"," 11.8","24"," 17.1"," 19.0","  75.4","*","  69.8","*"," 0.00","I","999.9","000000"
"99405099999","2014-04-12","26.61","-80.03","0.0","LAKE WORTH FL, US","  74.7","24","  62.6","24","1020.3","24","999.9"," 0","999.9"," 0"," 12.0","24"," 17.1"," 18.1","  75.6","*","  73.6","*"," 0.00","I","999.9","000000"
"99405099999","2014-04-13","26.61","-80.03","0.0","LAKE WORTH FL, US","  75.0","24","  66.6","24","1017.9","24","999.9"," 0","999.9"," 0"," 17.3","24"," 19.0"," 22.0","  75.7","*","  74.3","*"," 0.00","I","999.9","000000"
"99405099999","2014-04-14","26.61","-80.03","0.0","LAKE WORTH FL, US","  76.7","24","  70.5","24","1014.8","24","999.9"," 0","999.9"," 0"," 13.6","24"," 19.0"," 22.9","  77.9","*","  75.4","*"," 0.00","I","999.9","000000"
"99405099999","2014-04-15","26.61","-80.03","0.0","LAKE WORTH FL, US","  77.3","24","  72.0","24","1012.4","24","999.9"," 0","999.9"," 0"," 13.8","24"," 19.0"," 22.0","  78.1","*","  75.7","*"," 0.00","I","999.9","000000"
"99405099999","2014-04-16","26.61","-80.03","0.0","LAKE WORTH FL, US","  73.8","24","  68.4","24","1014.8","24","999.9"," 0","999.9"," 0"," 13.5","24"," 22.0"," 25.1","  77.4","*","  69.4","*"," 0.00","I","999.9","000000"
"99405099999","2014-04-17","26.61","-80.03","0.0","LAKE WORTH FL, US","  76.2","24","  69.6","24","1018.7","24","999.9"," 0","999.9"," 0"," 16.5","24"," 22.9"," 25.1","  77.4","*","  74.7","*"," 0.00","I","999.9","000000"
"99405099999","2014-04-18","26.61","-80.03","0.0","LAKE WORTH FL, US","  77.0","24","  70.2","24","1017.1","24","999.9"," 0","999.9"," 0"," 16.0","24"," 22.0"," 26.0","  78.3","*","  74.3","*"," 0.00","I","999.9","000000"
"99405099999","2014-04-19","26.61","-80.03","0.0","LAKE WORTH FL, US","  77.7","24","  70.4","24","1013.2","24","999.9"," 0","999.9"," 0"," 10.7","24"," 18.1"," 24.1","  82.0","*","  73.2","*"," 0.00","I","999.9","000000"
"99405099999","2014-04-20","26.61","-80.03","0.0","LAKE WORTH FL, US","  69.1","24","  58.5","24","1015.0","24","999.9"," 0","999.9"," 0","  8.4","24"," 17.1"," 19.0","  75.9","*","  65.3","*"," 0.00","I","999.9","000000"
"99405099999","2014-04-21","26.61","-80.03","0.0","LAKE WORTH FL, US","  67.8","24","  61.0","24","1015.4","24","999.9"," 0","999.9"," 0"," 11.2","24"," 18.1"," 19.0","  72.1","*","  61.5","*"," 0.00","I","999.9","000000"
"99405099999","2014-04-22","26.61","-80.03","0.0","LAKE WORTH FL, US","  71.9","24","  64.2","24","1012.9","24","999.9"," 0","999.9"," 0","  6.2","24"," 18.1"," 19.0","  76.8","*","  66.9","*"," 0.00","I","999.9","000000"
"99405099999","2014-04-23","26.61","-80.03","0.0","LAKE WORTH FL, US","  73.8","24","  64.3","24","1012.3","24","999.9"," 0","999.9"," 0","  5.1","24","  8.0","999.9","  77.2","*","  67.5","*"," 0.00","I","999.9","000000"
"99405099999","2014-04-24","26.61","-80.03","0.0","LAKE WORTH FL, US","  75.5","24","  66.3","24","1014.2","24","999.9"," 0","999.9"," 0","  5.3","24"," 12.0"," 13.0","  78.1","*","  70.3","*"," 0.00","I","999.9","000000"
"99405099999","2014-04-25","26.61","-80.03","0.0","LAKE WORTH FL, US","  76.5","24","  66.8","24","1014.6","24","999.9"," 0","999.9"," 0","  6.4","24"," 12.0"," 13.0","  81.7","*","  70.5","*"," 0.00","I","999.9","000000"
"99405099999","2014-04-26","26.61","-80.03","0.0","LAKE WORTH FL, US","  76.9","24","  69.6","24","1014.6","24","999.9"," 0","999.9"," 0","  8.9","24"," 14.0"," 15.0","  79.3","*","  73.0","*"," 0.00","I","999.9","000000"
"99405099999","2014-04-27","26.61","-80.03","0.0","LAKE WORTH FL, US","  79.0","24","  69.1","24","1015.4","24","999.9"," 0","999.9"," 0","  8.7","24"," 11.1"," 12.0","  80.1","*","  78.4","*"," 0.00","I","999.9","000000"
"99405099999","2014-04-28","26.61","-80.03","0.0","LAKE WORTH FL, US","  79.4","24","  69.9","24","1014.3","24","999.9"," 0","999.9"," 0"," 12.6","24"," 15.9"," 19.0","  80.1","*","  78.4","*"," 0.00","I","999.9","000000"
"99405099999","2014-04-29","26.61","-80.03","0.0","LAKE WORTH FL, US","  79.7","24","  73.2","24","1013.6","24","999.9"," 0","999.9"," 0"," 11.5","24"," 15.9"," 19.0","  80.4","*","  79.0","*"," 0.00","I","999.9","000000"
"99405099999","2014-04-30","26.61","-80.03","0.0","LAKE WORTH FL, US","  80.0","24","  73.8","24","1016.3","24","999.9"," 0","999.9"," 0"," 11.4","24"," 17.1"," 19.0","  80.6","*","  79.3","*"," 0.00","I","999.9","000000"
"99405099999","2014-05-01","26.61","-80.03","0.0","LAKE WORTH FL, US","  79.6","24","  72.9","24","1016.2","24","999.9"," 0","999.9"," 0"," 12.0","24"," 19.0"," 21.0","  80.2","*","  76.3","*"," 0.00","I","999.9","000000"
"99405099999","2014-05-02","26.61","-80.03","0.0","LAKE WORTH FL, US","  79.2","24","  71.9","24","1013.7","24","999.9"," 0","999.9"," 0"," 13.8","24"," 18.1"," 20.0","  79.7","*","  78.1","*"," 0.00","I","999.9","000000"
"99405099999","2014-05-03","26.61","-80.03","0.0","LAKE WORTH FL, US","  77.1","24","  71.4","24","1013.7","24","999.9"," 0","999.9"," 0","  7.2","24"," 15.9"," 20.0","  80.4","*","  71.8","*"," 0.00","I","999.9","000000"
"99405099999","2014-05-04","26.61","-80.03","0.0","LAKE WORTH FL, US","  72.7","24","  65.6","24","1015.7","24","999.9"," 0","999.9"," 0"," 10.8","24"," 19.0"," 22.0","  74.7","*","  67.5","*"," 0.00","I","999.9","000000"
"99405099999","2014-05-05","26.61","-80.03","0.0","LAKE WORTH FL, US","  74.1","24","  64.2","24","1016.7","24","999.9"," 0","999.9"," 0","  3.3","24"," 11.1"," 13.0","  78.6","*","  69.3","*"," 0.00","I","999.9","000000"
"99405099999","2014-05-06","26.61","-80.03","0.0","LAKE WORTH FL, US","  76.7","22","  63.4","22","1016.0","22","999.9"," 0","999.9"," 0","  0.0","22","999.9","999.9","  79.0","*","  71.1","*"," 0.00","I","999.9","000000"
"99405099999","2014-05-07","26.61","-80.03","0.0","LAKE WORTH FL, US","  78.7","24","  67.6","24","1018.0","24","999.9"," 0","999.9"," 0","  0.0","24","999.9","999.9","  79.7","*","  77.7","*"," 0.00","I","999.9","000000"
"99405099999","2014-05-08","26.61","-80.03","0.0","LAKE WORTH FL, US","  79.0","24","  67.8","24","1020.7","24","999.9"," 0","999.9"," 0","  0.0","24","999.9","999.9","  79.9","*","  78.3","*"," 0.00","I","999.9","000000"
"99405099999","2014-05-09","26.61","-80.03","0.0","LAKE WORTH FL, US","  79.0","24","  68.1","24","1020.8","24","999.9"," 0","999.9"," 0","  0.0","24","999.9","999.9","  79.5","*","  78.1","*"," 0.00","I","999.9","000000"
"99405099999","2014-05-10","26.61","-80.03","0.0","LAKE WORTH FL, US","  78.7","24","  68.7","24","1019.5","24","999.9"," 0","999.9"," 0","  0.0","24","999.9","999.9","  79.3","*","  78.1","*"," 0.00","I","999.9","000000"
"99405099999","2014-05-11","26.61","-80.03","0.0","LAKE WORTH FL, US","  78.8","22","  68.5","22","1019.2","22","999.9"," 0","999.9"," 0","  0.0","22","999.9","999.9","  79.3","*","  78.4","*"," 0.00","I","999.9","000000"
"99405099999","2014-05-12","26.61","-80.03","0.0","LAKE WORTH FL, US","  78.9","24","  68.5","24","1018.8","24","999.9"," 0","999.9"," 0","  0.0","24","999.9","999.9","  79.7","*","  78.1","*"," 0.00","I","999.9","000000"
"99405099999","2014-05-13","26.61","-80.03","0.0","LAKE WORTH FL, US","  78.5","24","  71.1","24","1017.0","24","999.9"," 0","999.9"," 0","  0.0","24","999.9","999.9","  80.1","*","  75.0","*"," 0.00","I","999.9","000000"
"99405099999","2014-05-14","26.61","-80.03","0.0","LAKE WORTH FL, US","  79.2","24","  71.8","24","1016.5","24","999.9"," 0","999.9"," 0","  0.0","24","999.9","999.9","  79.9","*","  77.0","*"," 0.00","I","999.9","000000"
"99405099999","2014-05-15","26.61","-80.03","0.0","LAKE WORTH FL, US","  78.2","24","  72.8","24","1015.2","24","999.9"," 0","999.9"," 0","  0.0","24","999.9","999.9","  80.1","*","  74.3","*"," 0.00","I","999.9","000000"
"99405099999","2014-05-16","26.61","-80.03","0.0","LAKE WORTH FL, US","  73.8","24","  67.6","24","1015.4","24","999.9"," 0","999.9"," 0","  0.0","24","999.9","999.9","  77.5","*","  70.7","*"," 0.00","I","999.9","000000"
"99405099999","2014-05-17","26.61","-80.03","0.0","LAKE WORTH FL, US","  76.4","24","  59.0","24","1018.0","24","999.9"," 0","999.9"," 0","  0.0","24","999.9","999.9","  77.5","*","  75.2","*"," 0.00","I","999.9","000000"
"99405099999","2014-05-18","26.61","-80.03","0.0","LAKE WORTH FL, US","  76.3","24","  61.4","24","1018.8","24","999.9"," 0","999.9"," 0","  0.0","24","999.9","999.9","  77.2","*","  75.4","*"," 0.00","I","999.9","000000"
"99405099999","2014-05-19","26.61","-80.03","0.0","LAKE WORTH FL, US","  76.7","24","  62.2","24","1019.5","24","999.9"," 0","999.9"," 0","  0.0","24","999.9","999.9","  77.7","*","  76.1","*"," 0.00","I","999.9","000000"
"99405099999","2014-05-20","26.61","-80.03","0.0","LAKE WORTH FL, US","  77.0","24","  63.6","24","1020.5","24","999.9"," 0","999.9"," 0","  0.0","24","999.9","999.9","  77.7","*","  76.5","*"," 0.00","I","999.9","000000"
"99405099999","2014-05-21","26.61","-80.03","0.0","LAKE WORTH FL, US","  76.7","24","  61.5","24","1020.6","24","999.9"," 0","999.9"," 0","  0.0","24","999.9","999.9","  77.2","*","  75.9","*"," 0.00","I","999.9","000000"
"99405099999","2014-05-22","26.61","-80.03","0.0","LAKE WORTH FL, US","  76.4","24","  62.9","24","1019.8","24","999.9"," 0","999.9"," 0","  0.0","24","999.9","999.9","  79.2","*","  72.3","*"," 0.00","I","999.9","000000"
"99405099999","2014-05-23","26.61","-80.03","0.0","LAKE WORTH FL, US","  78.0","24","  66.3","24","1018.2","24","999.9"," 0","999.9"," 0","  0.0","24","999.9","999.9","  83.8","*","  72.5","*"," 0.00","I","999.9","000000"
"99405099999","2014-05-24","26.61","-80.03","0.0","LAKE WORTH FL, US","  79.3","24","  68.9","24","1017.6","24","999.9"," 0","999.9"," 0","  0.0","24","999.9","999.9","  82.4","*","  74.7","*"," 0.00","I","999.9","000000"
"99405099999","2014-05-25","26.61","-80.03","0.0","LAKE WORTH FL, US","  79.3","24","  71.0","24","1018.0","24","999.9"," 0","999.9"," 0","  0.0","24","999.9","999.9","  80.8","*","  75.9","*"," 0.00","I","999.9","000000"
"99405099999","2014-05-26","26.61","-80.03","0.0","LAKE WORTH FL, US","  80.1","24","  70.5","24","1019.8","24","999.9"," 0","999.9"," 0","  0.0","24","999.9","999.9","  80.8","*","  79.2","*"," 0.00","I","999.9","000000"
"99405099999","2014-05-27","26.61","-80.03","0.0","LAKE WORTH FL, US","  79.4","24","  70.9","24","1019.7","24","999.9"," 0","999.9"," 0","  0.0","24","999.9","999.9","  80.4","*","  77.9","*"," 0.00","I","999.9","000000"
"99405099999","2014-05-28","26.61","-80.03","0.0","LAKE WORTH FL, US","  79.6","24","  70.7","24","1017.6","24","999.9"," 0","999.9"," 0","  0.0","24","999.9","999.9","  80.4","*","  78.8","*"," 0.00","I","999.9","000000"
"99405099999","2014-05-29","26.61","-80.03","0.0","LAKE WORTH FL, US","  79.3","24","  71.3","24","1016.3","24","999.9"," 0","999.9"," 0","  0.0","24","999.9","999.9","  80.4","*","  76.8","*"," 0.00","I","999.9","000000"
"99405099999","2014-05-30","26.61","-80.03","0.0","LAKE WORTH FL, US","  78.4","24","  70.6","24","1015.9","24","999.9"," 0","999.9"," 0","  0.0","24","999.9","999.9","  80.6","*","  74.8","*"," 0.00","I","999.9","000000"
"99405099999","2014-05-31","26.61","-80.03","0.0","LAKE WORTH FL, US","  80.3","24","  71.8","24","1016.0","24","999.9"," 0","999.9"," 0","  0.0","24","999.9","999.9","  80.8","*","  79.9","*"," 0.00","I","999.9","000000"
"99405099999","2014-06-01","26.61","-80.03","0.0","LAKE WORTH FL, US","  80.2","24","  71.9","24","1016.2","24","999.9"," 0","999.9"," 0","  0.0","24","999.9","999.9","  81.0","*","  77.9","*"," 0.00","I","999.9","000000"
"99405099999","2014-06-02","26.61","-80.03","0.0","LAKE WORTH FL, US","  79.3","24","  70.5","24","1017.2","24","999.9"," 0","999.9"," 0","  0.0","24","999.9","999.9","  80.2","*","  78.3","*"," 0.00","I","999.9","000000"
"99405099999","2014-06-03","26.61","-80.03","0.0","LAKE WORTH FL, US","  77.9","24","  63.9","24","1016.9","24","999.9"," 0","999.9"," 0","  0.0","24","999.9","999.9","  78.4","*","  77.4","*"," 0.00","I","999.9","000000"
"99405099999","2014-06-04","26.61","-80.03","0.0","LAKE WORTH FL, US","  78.0","24","  66.2","24","1014.8","24","999.9"," 0","999.9"," 0","  0.0","24","999.9","999.9","  79.2","*","  77.0","*"," 0.00","I","999.9","000000"
"99405099999","2014-06-05","26.61","-80.03","0.0","LAKE WORTH FL, US","  78.8","24","  66.4","24","1013.6","24","999.9"," 0","999.9"," 0","  0.0","24","999.9","999.9","  79.5","*","  78.1","*"," 0.00","I","999.9","000000"
"99405099999","2014-06-06","26.61","-80.03","0.0","LAKE WORTH FL, US","  79.4","24","  68.1","24","1014.2","24","999.9"," 0","999.9"," 0","  0.0","24","999.9","999.9","  82.9","*","  75.4","*"," 0.00","I","999.9","000000"
"99405099999","2014-06-07","26.61","-80.03","0.0","LAKE WORTH FL, US","  80.7","24","  72.9","24","1014.6","24","999.9"," 0","999.9"," 0","  0.0","24","999.9","999.9","  83.5","*","  77.0","*"," 0.00","I","999.9","000000"
"99405099999","2014-06-08","26.61","-80.03","0.0","LAKE WORTH FL, US","  79.4","24","  70.2","24","1014.6","24","999.9"," 0","999.9"," 0","  0.0","24","999.9","999.9","  82.0","*","  70.7","*"," 0.00","I","999.9","000000"
"99405099999","2014-06-09","26.61","-80.03","0.0","LAKE WORTH FL, US","  78.8","24","  71.2","24","1014.4","24","999.9"," 0","999.9"," 0","  0.0","24","999.9","999.9","  82.6","*","  74.5","*"," 0.00","I","999.9","000000"
"99405099999","2014-06-10","26.61","-80.03","0.0","LAKE WORTH FL, US","  78.8","24","  70.3","24","1015.8","24","999.9"," 0","999.9"," 0","  0.0","24","999.9","999.9","  82.0","*","  75.9","*"," 0.00","I","999.9","000000"
"99405099999","2014-06-11","26.61","-80.03","0.0","LAKE WORTH FL, US","  78.8","24","  71.4","24","1015.6","24","999.9"," 0","999.9"," 0","  0.0","24","999.9","999.9","  81.7","*","  70.5","*"," 0.00","I","999.9","000000"
"99405099999","2014-06-12","26.61","-80.03","0.0","LAKE WORTH FL, US","  77.4","22","  68.8","22","1015.6","22","999.9"," 0","999.9"," 0","  0.0","22","999.9","999.9","  84.6","*","  72.5","*"," 0.00","I","999.9","000000"
"99405099999","2014-06-13","26.61","-80.03","0.0","LAKE WORTH FL, US","  76.4","24","  70.0","24","1016.3","24","999.9"," 0","999.9"," 0","  0.0","24","999.9","999.9","  81.1","*","  68.0","*"," 0.00","I","999.9","000000"
"99405099999","2014-06-14","26.61","-80.03","0.0","LAKE WORTH FL, US","  78.0","24","  71.9","24","1017.0","24","999.9"," 0","999.9"," 0","  0.0","24","999.9","999.9","  82.6","*","  73.0","*"," 0.00","I","999.9","000000"
"99405099999","2014-06-15","26.61","-80.03","0.0","LAKE WORTH FL, US","  80.4","24","  73.0","24","1018.7","24","999.9"," 0","999.9"," 0","  0.0","24","999.9","999.9","  82.0","*","  74.3","*"," 0.00","I","999.9","000000"
"99405099999","2014-06-16","26.61","-80.03","0.0","LAKE WORTH FL, US","  80.5","24","  71.9","24","1019.6","24","999.9"," 0","999.9"," 0","  0.0","24","999.9","999.9","  81.9","*","  78.6","*"," 0.00","I","999.9","000000"
"99405099999","2014-06-17","26.61","-80.03","0.0","LAKE WORTH FL, US","  78.4","24","  69.8","24","1019.3","24","999.9"," 0","999.9"," 0","  0.0","24","999.9","999.9","  81.5","*","  73.2","*"," 0.00","I","999.9","000000"
"99405099999","2014-06-18","26.61","-80.03","0.0","LAKE WORTH FL, US","  78.3","24","  71.4","24","1018.8","24","999.9"," 0","999.9"," 0","  0.0","24","999.9","999.9","  81.9","*","  73.6","*"," 0.00","I","999.9","000000"
"99405099999","2014-06-19","26.61","-80.03","0.0","LAKE WORTH FL, US","  78.6","24","  71.6","24","1018.9","24","999.9"," 0","999.9"," 0","  0.0","24","999.9","999.9","  81.1","*","  75.4","*"," 0.00","I","999.9","000000"
"99405099999","2014-06-20","26.61","-80.03","0.0","LAKE WORTH FL, US","  76.4","24","  69.9","24","1017.7","24","999.9"," 0","999.9"," 0","  0.0","24","999.9","999.9","  81.3","*","  72.9","*"," 0.00","I","999.9","000000"
"99405099999","2014-06-21","26.61","-80.03","0.0","LAKE WORTH FL, US","  78.3","24","  71.1","24","1015.9","24","999.9"," 0","999.9"," 0","  0.0","24","999.9","999.9","  84.6","*","  74.3","*"," 0.00","I","999.9","000000"
"99405099999","2014-06-22","26.61","-80.03","0.0","LAKE WORTH FL, US","  79.8","24","  71.8","24","1014.7","24","999.9"," 0","999.9"," 0","  0.0","24","999.9","999.9","  87.8","*","  75.4","*"," 0.00","I","999.9","000000"
"99405099999","2014-06-23","26.61","-80.03","0.0","LAKE WORTH FL, US","  80.7","24","  72.1","24","1016.2","24","999.9"," 0","999.9"," 0","  0.0","24","999.9","999.9","  84.0","*","  76.3","*"," 0.00","I","999.9","000000"
"99405099999","2014-06-24","26.61","-80.03","0.0","LAKE WORTH FL, US","  81.8","24","  72.7","24","1019.3","24","999.9"," 0","999.9"," 0","  0.0","24","999.9","999.9","  84.4","*","  77.7","*"," 0.00","I","999.9","000000"
"99405099999","2014-06-25","26.61","-80.03","0.0","LAKE WORTH FL, US","  82.0","24","  74.4","24","1019.4","24","999.9"," 0","999.9"," 0","  0.0","24","999.9","999.9","  83.5","*","  79.2","*"," 0.00","I","999.9","000000"
"99405099999","2014-06-26","26.61","-80.03","0.0","LAKE WORTH FL, US","  80.8","24","  73.3","24","1018.2","24","999.9"," 0","999.9"," 0","  0.0","24","999.9","999.9","  83.5","*","  76.3","*"," 0.00","I","999.9","000000"
"99405099999","2014-06-27","26.61","-80.03","0.0","LAKE WORTH FL, US","  82.6","24","  74.1","24","1017.9","24","999.9"," 0","999.9"," 0","  0.0","24","999.9","999.9","  85.1","*","  79.3","*"," 0.00","I","999.9","000000"
"99405099999","2014-06-28","26.61","-80.03","0.0","LAKE WORTH FL, US","  81.8","24","  71.8","24","1019.5","24","999.9"," 0","999.9"," 0","  0.0","24","999.9","999.9","  84.6","*","  78.6","*"," 0.00","I","999.9","000000"
"99405099999","2014-06-29","26.61","-80.03","0.0","LAKE WORTH FL, US","  81.4","24","  72.6","24","1019.0","24","999.9"," 0","999.9"," 0","  0.0","24","999.9","999.9","  87.3","*","  77.0","*"," 0.00","I","999.9","000000"
"99405099999","2014-06-30","26.61","-80.03","0.0","LAKE WORTH FL, US","  78.8","24","  71.9","24","1015.3","24","999.9"," 0","999.9"," 0","  0.0","24","999.9","999.9","  86.2","*","  74.3","*"," 0.00","I","999.9","000000"
"99405099999","2014-07-01","26.61","-80.03","0.0","LAKE WORTH FL, US","  79.5","24","  74.4","24","1011.6","24","999.9"," 0","999.9"," 0","  0.0","24","999.9","999.9","  82.0","*","  77.0","*"," 0.00","I","999.9","000000"
"99405099999","2014-07-02","26.61","-80.03","0.0","LAKE WORTH FL, US","  80.5","24","  72.5","24","1012.3","24","999.9"," 0","999.9"," 0","  0.0","24","999.9","999.9","  87.8","*","  76.3","*"," 0.00","I","999.9","000000"
"99405099999","2014-07-03","26.61","-80.03","0.0","LAKE WORTH FL, US","  82.4","24","  74.9","24","1016.4","24","999.9"," 0","999.9"," 0","  0.0","24","999.9","999.9","  87.3","*","  79.3","*"," 0.00","I","999.9","000000"
"99405099999","2014-07-04","26.61","-80.03","0.0","LAKE WORTH FL, US","  81.6","24","  73.8","24","1019.3","24","999.9"," 0","999.9"," 0","  0.0","24","999.9","999.9","  84.6","*","  75.0","*"," 0.00","I","999.9","000000"
"99405099999","2014-07-05","26.61","-80.03","0.0","LAKE WORTH FL, US","  80.5","24","  72.9","24","1019.3","24","999.9"," 0","999.9"," 0","  0.0","24","999.9","999.9","  82.9","*","  78.1","*"," 0.00","I","999.9","000000"
"99405099999","2014-07-06","26.61","-80.03","0.0","LAKE WORTH FL, US","  82.4","24","  73.7","24","1018.2","24","999.9"," 0","999.9"," 0","  0.0","24","999.9","999.9","  83.5","*","  80.2","*"," 0.00","I","999.9","000000"
"99405099999","2014-07-07","26.61","-80.03","0.0","LAKE WORTH FL, US","  81.9","22","  74.5","22","1018.2","22","999.9"," 0","999.9"," 0","  0.0","22","999.9","999.9","  84.7","*","  78.1","*"," 0.00","I","999.9","000000"
"99405099999","2014-07-08","26.61","-80.03","0.0","LAKE WORTH FL, US","  82.3","24","  75.1","24","1019.1","24","999.9"," 0","999.9"," 0","  0.0","24","999.9","999.9","  83.5","*","  79.2","*"," 0.00","I","999.9","000000"
"99405099999","2014-07-09","26.61","-80.03","0.0","LAKE WORTH FL, US","  79.0","24","  73.4","24","1019.4","24","999.9"," 0","999.9"," 0","  0.0","24","999.9","999.9","  85.1","*","  75.9","*"," 0.00","I","999.9","000000"
"99405099999","2014-07-10","26.61","-80.03","0.0","LAKE WORTH FL, US","  80.3","24","  72.7","24","1019.1","24","999.9"," 0","999.9"," 0","  0.0","24","999.9","999.9","  82.9","*","  77.0","*"," 0.00","I","999.9","000000"
"99405099999","2014-07-11","26.61","-80.03","0.0","LAKE WORTH FL, US","  82.6","24","  73.7","24","1019.3","24","999.9"," 0","999.9"," 0","  0.0","24","999.9","999.9","  83.8","*","  79.3","*"," 0.00","I","999.9","000000"
"99405099999","2014-07-12","26.61","-80.03","0.0","LAKE WORTH FL, US","  83.1","16","  74.3","16","1019.1","16","999.9"," 0","999.9"," 0","  0.0","16","999.9","999.9","  84.0","*","  81.9","*"," 0.00","I","999.9","000000"
"99405099999","2014-07-13","26.61","-80.03","0.0","LAKE WORTH FL, US","  82.8","23","  74.1","23","1018.6","23","999.9"," 0","999.9"," 0","  0.0","23","999.9","999.9","  84.2","*","  80.2","*"," 0.00","I","999.9","000000"
"99405099999","2014-07-14","26.61","-80.03","0.0","LAKE WORTH FL, US","  83.2","24","  73.6","24","1018.2","24","999.9"," 0","999.9"," 0","  0.0","24","999.9","999.9","  84.2","*","  81.0","*"," 0.00","I","999.9","000000"
"99405099999","2014-07-15","26.61","-80.03","0.0","LAKE WORTH FL, US","  80.6","24","  72.2","24","1016.6","24","999.9"," 0","999.9"," 0","  0.0","24","999.9","999.9","  84.0","*","  75.9","*"," 0.00","I","999.9","000000"
"99405099999","2014-07-16","26.61","-80.03","0.0","LAKE WORTH FL, US","  80.7","24","  72.8","24","1015.1","24","999.9"," 0","999.9"," 0","  0.0","24","999.9","999.9","  86.7","*","  76.5","*"," 0.00","I","999.9","000000"
"99405099999","2014-07-17","26.61","-80.03","0.0","LAKE WORTH FL, US","  79.4","24","  72.5","24","1015.5","24","999.9"," 0","999.9"," 0","  0.0","24","999.9","999.9","  84.4","*","  74.5","*"," 0.00","I","999.9","000000"
"99405099999","2014-07-18","26.61","-80.03","0.0","LAKE WORTH FL, US","  81.9","24","  74.2","24","1016.7","24","999.9"," 0","999.9"," 0","  0.0","24","999.9","999.9","  87.3","*","  78.1","*"," 0.00","I","999.9","000000"
"99405099999","2014-07-19","26.61","-80.03","0.0","LAKE WORTH FL, US","  83.0","24","  74.5","24","1017.3","24","999.9"," 0","999.9"," 0","  0.0","24","999.9","999.9","  85.6","*","  79.0","*"," 0.00","I","999.9","000000"
"99405099999","2014-07-20","26.61","-80.03","0.0","LAKE WORTH FL, US","  84.1","24","  73.6","24","1017.2","24","999.9"," 0","999.9"," 0","  0.0","24","999.9","999.9","  85.8","*","  83.1","*"," 0.00","I","999.9","000000"
"99405099999","2014-07-21","26.61","-80.03","0.0","LAKE WORTH FL, US","  82.5","24","  74.2","24","1016.9","24","999.9"," 0","999.9"," 0","  0.0","24","999.9","999.9","  84.6","*","  80.4","*"," 0.00","I","999.9","000000"
"99405099999","2014-07-22","26.61","-80.03","0.0","LAKE WORTH FL, US","  82.1","24","  74.1","24","1017.0","24","999.9"," 0","999.9"," 0","  0.0","24","999.9","999.9","  84.0","*","  79.0","*"," 0.00","I","999.9","000000"
"99405099999","2014-07-23","26.61","-80.03","0.0","LAKE WORTH FL, US","  82.4","24","  74.8","24","1017.8","24","999.9"," 0","999.9"," 0","  0.0","24","999.9","999.9","  83.8","*","  80.1","*"," 0.00","I","999.9","000000"
"99405099999","2014-07-24","26.61","-80.03","0.0","LAKE WORTH FL, US","  83.5","24","  74.7","24","1017.0","24","999.9"," 0","999.9"," 0","  0.0","24","999.9","999.9","  85.3","*","  80.8","*"," 0.00","I","999.9","000000"
"99405099999","2014-07-25","26.61","-80.03","0.0","LAKE WORTH FL, US","  83.6","24","  74.8","24","1017.7","24","999.9"," 0","999.9"," 0","  0.0","24","999.9","999.9","  85.5","*","  79.5","*"," 0.00","I","999.9","000000"
"99405099999","2014-07-26","26.61","-80.03","0.0","LAKE WORTH FL, US","  83.5","24","  75.5","24","1018.3","24","999.9"," 0","999.9"," 0","  0.0","24","999.9","999.9","  85.1","*","  80.2","*"," 0.00","I","999.9","000000"
"99405099999","2014-07-27","26.61","-80.03","0.0","LAKE WORTH FL, US","  83.7","24","  74.1","24","1018.5","24","999.9"," 0","999.9"," 0","  0.0","24","999.9","999.9","  86.2","*","  80.4","*"," 0.00","I","999.9","000000"
"99405099999","2014-07-28","26.61","-80.03","0.0","LAKE WORTH FL, US","  84.8","24","  73.9","24","1017.5","24","999.9"," 0","999.9"," 0","  0.0","24","999.9","999.9","  91.0","*","  80.4","*"," 0.00","I","999.9","000000"
"99405099999","2014-07-29","26.61","-80.03","0.0","LAKE WORTH FL, US","  84.1","23","  74.8","23","1015.3","23","999.9"," 0","999.9"," 0","  0.0","23","999.9","999.9","  90.1","*","  80.2","*"," 0.00","I","999.9","000000"
"99405099999","2014-07-30","26.61","-80.03","0.0","LAKE WORTH FL, US","  82.5","24","  74.5","24","1014.7","24","999.9"," 0","999.9"," 0","  1.2","24"," 14.0"," 15.0","  86.7","*","  79.9","*"," 0.00","I","999.9","000000"
"99405099999","2014-07-31","26.61","-80.03","0.0","LAKE WORTH FL, US","  81.2","24","  74.2","24","1014.9","24","999.9"," 0","999.9"," 0","  7.1","24"," 14.0"," 17.1","  84.9","*","  77.2","*"," 0.00","I","999.9","000000"
"99405099999","2014-08-01","26.61","-80.03","0.0","LAKE WORTH FL, US","  83.9","24","  74.5","24","1014.8","24","999.9"," 0","999.9"," 0","  8.3","24"," 11.1"," 13.0","  86.0","*","  80.4","*"," 0.00","I","999.9","000000"
"99405099999","2014-08-02","26.61","-80.03","0.0","LAKE WORTH FL, US","  84.3","24","  74.2","24","1013.8","24","999.9"," 0","999.9"," 0","  7.2","24"," 12.0"," 14.0","  85.1","*","  82.4","*"," 0.00","I","999.9","000000"
"99405099999","2014-08-03","26.61","-80.03","0.0","LAKE WORTH FL, US","  82.1","24","  74.1","24","1012.6","24","999.9"," 0","999.9"," 0","  7.5","24"," 15.0"," 19.0","  84.4","*","  74.5","*"," 0.00","I","999.9","000000"
"99405099999","2014-08-04","26.61","-80.03","0.0","LAKE WORTH FL, US","  78.0","24","  72.6","24","1013.7","24","999.9"," 0","999.9"," 0","  8.3","24"," 15.0"," 19.0","  85.3","*","  73.8","*"," 0.00","I","999.9","000000"
"99405099999","2014-08-05","26.61","-80.03","0.0","LAKE WORTH FL, US","  79.9","24","  73.4","24","1016.6","24","999.9"," 0","999.9"," 0","  7.1","24"," 12.0"," 17.1","  86.7","*","  75.6","*"," 0.00","I","999.9","000000"
"99405099999","2014-08-06","26.61","-80.03","0.0","LAKE WORTH FL, US","  82.7","24","  74.1","24","1017.1","24","999.9"," 0","999.9"," 0","  5.1","24","  8.9"," 11.1","  86.5","*","  78.4","*"," 0.00","I","999.9","000000"
"99405099999","2014-08-07","26.61","-80.03","0.0","LAKE WORTH FL, US","  84.2","24","  74.6","24","1015.7","24","999.9"," 0","999.9"," 0","  7.4","24"," 14.0"," 15.0","  86.0","*","  81.3","*"," 0.00","I","999.9","000000"
"99405099999","2014-08-08","26.61","-80.03","0.0","LAKE WORTH FL, US","  81.2","24","  73.7","24","1016.2","24","999.9"," 0","999.9"," 0","  7.0","24"," 18.1"," 27.0","  85.5","*","  75.7","*"," 0.00","I","999.9","000000"
"99405099999","2014-08-09","26.61","-80.03","0.0","LAKE WORTH FL, US","  84.2","24","  74.9","24","1017.3","24","999.9"," 0","999.9"," 0","  7.5","24"," 15.0"," 15.9","  85.8","*","  82.0","*"," 0.00","I","999.9","000000"
"99405099999","2014-08-10","26.61","-80.03","0.0","LAKE WORTH FL, US","  84.1","24","  73.9","24","1017.3","24","999.9"," 0","999.9"," 0","  5.1","24"," 12.0"," 13.0","  86.4","*","  81.1","*"," 0.00","I","999.9","000000"
"99405099999","2014-08-11","26.61","-80.03","0.0","LAKE WORTH FL, US","  82.9","24","  72.8","24","1016.9","24","999.9"," 0","999.9"," 0","  7.1","24"," 14.0"," 17.1","  86.0","*","  77.5","*"," 0.00","I","999.9","000000"
"99405099999","2014-08-12","26.61","-80.03","0.0","LAKE WORTH FL, US","  83.7","24","  72.5","20","1016.3","24","999.9"," 0","999.9"," 0","  7.5","24"," 15.0"," 17.1","  86.5","*","  81.0","*"," 0.00","I","999.9","000000"
"99405099999","2014-08-13","26.61","-80.03","0.0","LAKE WORTH FL, US","  84.0","24","  73.9","24","1016.2","24","999.9"," 0","999.9"," 0","  8.6","24"," 17.1"," 19.0","  86.0","*","  80.8","*"," 0.00","I","999.9","000000"
"99405099999","2014-08-14","26.61","-80.03","0.0","LAKE WORTH FL, US","  82.8","24","  74.6","21","1016.4","24","999.9"," 0","999.9"," 0","  6.0","24"," 12.0"," 19.0","  86.2","*","  77.2","*"," 0.00","I","999.9","000000"
"99405099999","2014-08-15","26.61","-80.03","0.0","LAKE WORTH FL, US","  80.3","24","  73.8","22","1016.6","24","999.9"," 0","999.9"," 0","  4.7","24"," 15.0"," 20.0","  87.4","*","  74.5","*"," 0.00","I","999.9","000000"
"99405099999","2014-08-16","26.61","-80.03","0.0","LAKE WORTH FL, US","  79.5","24","  73.2","24","1018.0","24","999.9"," 0","999.9"," 0","  6.9","24"," 15.0"," 24.1","  86.5","*","  73.2","*"," 0.00","I","999.9","000000"
"99405099999","2014-08-17","26.61","-80.03","0.0","LAKE WORTH FL, US","  84.0","24","  74.7","24","1018.7","24","999.9"," 0","999.9"," 0","  4.9","24","  8.9"," 11.1","  86.4","*","  81.0","*"," 0.00","I","999.9","000000"
"99405099999","2014-08-18","26.61","-80.03","0.0","LAKE WORTH FL, US","  84.6","24","  74.3","16","1017.2","24","999.9"," 0","999.9"," 0","  6.4","24"," 11.1"," 13.0","  86.4","*","  79.9","*"," 0.00","I","999.9","000000"
"99405099999","2014-08-19","26.61","-80.03","0.0","LAKE WORTH FL, US","  85.0","24","  74.7","22","1016.0","24","999.9"," 0","999.9"," 0","  6.6","24"," 12.0"," 13.0","  87.4","*","  81.3","*"," 0.00","I","999.9","000000"
"99405099999","2014-08-20","26.61","-80.03","0.0","LAKE WORTH FL, US","  85.0","24","  74.8","24","1017.1","24","999.9"," 0","999.9"," 0","  6.4","24"," 11.1"," 13.0","  86.7","*","  82.4","*"," 0.00","I","999.9","000000"
"99405099999","2014-08-21","26.61","-80.03","0.0","LAKE WORTH FL, US","  84.9","24","  75.0","24","1018.7","24","999.9"," 0","999.9"," 0","  6.7","24"," 12.0"," 13.0","  86.0","*","  82.9","*"," 0.00","I","999.9","000000"
"99405099999","2014-08-22","26.61","-80.03","0.0","LAKE WORTH FL, US","  84.9","24","  74.6","21","1017.8","24","999.9"," 0","999.9"," 0","  5.4","24","  8.0"," 12.0","  86.5","*","  82.2","*"," 0.00","I","999.9","000000"
"99405099999","2014-08-23","26.61","-80.03","0.0","LAKE WORTH FL, US","  84.5","24","9999.9"," 0","1014.4","24","999.9"," 0","999.9"," 0","  7.2","24"," 12.0"," 15.0","  85.6","*","  81.1","*"," 0.00","I","999.9","000000"
"99405099999","2014-08-24","26.61","-80.03","0.0","LAKE WORTH FL, US","  84.1","24","  73.4","18","1010.2","24","999.9"," 0","999.9"," 0","  6.9","24","  9.9"," 12.0","  85.8","*","  80.1","*"," 0.00","I","999.9","000000"
"99405099999","2014-08-25","26.61","-80.03","0.0","LAKE WORTH FL, US","  83.3","24","  75.7","24","1007.5","24","999.9"," 0","999.9"," 0"," 11.0","24"," 24.1"," 28.9","  85.5","*","  80.2","*"," 0.00","I","999.9","000000"
"99405099999","2014-08-26","26.61","-80.03","0.0","LAKE WORTH FL, US","  84.4","23","  72.4","23","1009.9","23","999.9"," 0","999.9"," 0"," 18.9","23"," 24.1"," 28.9","  84.9","*","  83.8","*"," 0.00","I","999.9","000000"
"99405099999","2014-08-27","26.61","-80.03","0.0","LAKE WORTH FL, US","  83.8","24","  70.5","24","1012.9","24","999.9"," 0","999.9"," 0"," 10.7","24"," 15.9"," 21.0","  84.6","*","  82.8","*"," 0.00","I","999.9","000000"
"99405099999","2014-08-28","26.61","-80.03","0.0","LAKE WORTH FL, US","  83.1","24","  73.8","24","1014.9","24","999.9"," 0","999.9"," 0","  7.7","24"," 12.0"," 15.0","  84.9","*","  78.1","*"," 0.00","I","999.9","000000"
"99405099999","2014-08-29","26.61","-80.03","0.0","LAKE WORTH FL, US","  84.0","24","  74.6","17","1016.6","24","999.9"," 0","999.9"," 0","  5.8","24"," 12.0"," 15.9","  86.2","*","  79.5","*"," 0.00","I","999.9","000000"
"99405099999","2014-08-30","26.61","-80.03","0.0","LAKE WORTH FL, US","  85.0","24","9999.9"," 0","1018.7","24","999.9"," 0","999.9"," 0"," 10.3","24"," 15.0"," 19.0","  85.6","*","  84.6","*"," 0.00","I","999.9","000000"
"99405099999","2014-08-31","26.61","-80.03","0.0","LAKE WORTH FL, US","  84.9","24","9999.9"," 0","1019.0","24","999.9"," 0","999.9"," 0"," 11.1","24"," 14.0"," 15.9","  85.3","*","  84.0","*"," 0.00","I","999.9","000000"
"99405099999","2014-09-01","26.61","-80.03","0.0","LAKE WORTH FL, US","  84.5","24","9999.9"," 0","1018.3","24","999.9"," 0","999.9"," 0","  9.3","24"," 13.0"," 21.0","  85.5","*","  83.5","*"," 0.00","I","999.9","000000"
"99405099999","2014-09-02","26.61","-80.03","0.0","LAKE WORTH FL, US","  83.3","24","9999.9"," 0","1017.4","24","999.9"," 0","999.9"," 0","  8.5","24"," 15.0"," 17.1","  84.2","*","  81.1","*"," 0.00","I","999.9","000000"
"99405099999","2014-09-03","26.61","-80.03","0.0","LAKE WORTH FL, US","  81.8","24","9999.9"," 0","1016.1","24","999.9"," 0","999.9"," 0","  7.5","24"," 17.1"," 19.0","  83.5","*","  78.8","*"," 0.00","I","999.9","000000"
"99405099999","2014-09-04","26.61","-80.03","0.0","LAKE WORTH FL, US","  81.3","23","9999.9"," 0","1017.4","23","999.9"," 0","999.9"," 0","  7.8","23"," 19.0"," 27.0","  84.0","*","  76.5","*"," 0.00","I","999.9","000000"
"99405099999","2014-09-05","26.61","-80.03","0.0","LAKE WORTH FL, US","  84.1","24","9999.9"," 0","1018.5","24","999.9"," 0","999.9"," 0","  7.7","24"," 13.0"," 15.0","  85.1","*","  83.5","*"," 0.00","I","999.9","000000"
"99405099999","2014-09-06","26.61","-80.03","0.0","LAKE WORTH FL, US","  83.7","24","9999.9"," 0","1016.8","24","999.9"," 0","999.9"," 0","  9.3","24"," 22.0"," 25.1","  84.6","*","  79.5","*"," 0.00","I","999.9","000000"
"99405099999","2014-09-07","26.61","-80.03","0.0","LAKE WORTH FL, US","  83.9","24","9999.9"," 0","1015.5","24","999.9"," 0","999.9"," 0"," 11.3","24"," 15.9"," 18.1","  84.7","*","  81.9","*"," 0.00","I","999.9","000000"
"99405099999","2014-09-08","26.61","-80.03","0.0","LAKE WORTH FL, US","  82.8","24","9999.9"," 0","1016.4","24","999.9"," 0","999.9"," 0","  8.3","24"," 15.0"," 19.0","  84.2","*","  78.6","*"," 0.00","I","999.9","000000"
"99405099999","2014-09-09","26.61","-80.03","0.0","LAKE WORTH FL, US","  83.4","20","9999.9"," 0","1017.2","20","999.9"," 0","999.9"," 0"," 10.4","20"," 15.0"," 18.1","  84.2","*","  82.6","*"," 0.00","I","999.9","000000"
"99405099999","2014-09-10","26.61","-80.03","0.0","LAKE WORTH FL, US","  82.3","21","9999.9"," 0","1015.4","21","999.9"," 0","999.9"," 0"," 11.1","21"," 17.1"," 20.0","  83.7","*","  80.2","*"," 0.00","I","999.9","000000"
"99405099999","2014-09-11","26.61","-80.03","0.0","LAKE WORTH FL, US","  79.7","23","9999.9"," 0","1015.2","23","999.9"," 0","999.9"," 0","  5.6","23"," 15.9"," 21.0","  82.8","*","  75.6","*"," 0.00","I","999.9","000000"
"99405099999","2014-09-12","26.61","-80.03","0.0","LAKE WORTH FL, US","  77.8","24","9999.9"," 0","1013.9","24","999.9"," 0","999.9"," 0"," 11.5","24"," 19.0"," 22.0","  82.2","*","  74.5","*"," 0.00","I","999.9","000000"
"99405099999","2014-09-13","26.61","-80.03","0.0","LAKE WORTH FL, US","  80.7","24","9999.9"," 0","1016.0","24","999.9"," 0","999.9"," 0"," 10.8","24"," 22.0"," 26.0","  82.9","*","  75.2","*"," 0.00","I","999.9","000000"
"99405099999","2014-09-14","26.61","-80.03","0.0","LAKE WORTH FL, US","  79.7","24","9999.9"," 0","1018.8","24","999.9"," 0","999.9"," 0","  8.5","24"," 19.0"," 22.9","  83.8","*","  72.3","*"," 0.00","I","999.9","000000"
"99405099999","2014-09-15","26.61","-80.03","0.0","LAKE WORTH FL, US","  82.1","24","9999.9"," 0","1020.0","24","999.9"," 0","999.9"," 0","  6.5","24","  8.9"," 11.1","  84.4","*","  75.2","*"," 0.00","I","999.9","000000"
"99405099999","2014-09-16","26.61","-80.03","0.0","LAKE WORTH FL, US","  82.4","22","9999.9"," 0","1017.8","21","999.9"," 0","999.9"," 0","  4.0","22","  7.0","999.9","  84.9","*","  78.4","*"," 0.00","I","999.9","000000"
"99405099999","2014-09-17","26.61","-80.03","0.0","LAKE WORTH FL, US","  80.7","24","9999.9"," 0","1014.1","24","999.9"," 0","999.9"," 0","  5.1","24"," 13.0"," 15.9","  87.8","*","  76.6","*"," 0.00","I","999.9","000000"
"99405099999","2014-09-18","26.61","-80.03","0.0","LAKE WORTH FL, US","  79.0","24","9999.9"," 0","1012.7","24","999.9"," 0","999.9"," 0","  5.5","24","  8.9"," 12.0","  83.3","*","  75.6","*"," 0.00","I","999.9","000000"
"99405099999","2014-09-19","26.61","-80.03","0.0","LAKE WORTH FL, US","  78.9","24","9999.9"," 0","1013.2","24","999.9"," 0","999.9"," 0","  4.0","24"," 15.9"," 22.9","  82.4","*","  74.3","*"," 0.00","I","999.9","000000"
"99405099999","2014-09-20","26.61","-80.03","0.0","LAKE WORTH FL, US","  79.5","24","9999.9"," 0","1012.9","24","999.9"," 0","999.9"," 0","  5.3","24"," 15.9"," 22.9","  85.8","*","  75.6","*"," 0.00","I","999.9","000000"
"99405099999","2014-09-21","26.61","-80.03","0.0","LAKE WORTH FL, US","  78.6","24","9999.9"," 0","1014.6","24","999.9"," 0","999.9"," 0","  4.8","24","  8.0","  9.9","  82.4","*","  75.6","*"," 0.00","I","999.9","000000"
"99405099999","2014-09-22","26.61","-80.03","0.0","LAKE WORTH FL, US","  79.6","24","9999.9"," 0","1016.0","24","999.9"," 0","999.9"," 0","  4.4","24","  8.9"," 12.0","  83.7","*","  75.0","*"," 0.00","I","999.9","000000"
"99405099999","2014-09-23","26.61","-80.03","0.0","LAKE WORTH FL, US","  79.9","24","9999.9"," 0","1015.4","24","999.9"," 0","999.9"," 0"," 10.2","24"," 21.0"," 25.1","  84.0","*","  76.5","*"," 0.00","I","999.9","000000"
"99405099999","2014-09-24","26.61","-80.03","0.0","LAKE WORTH FL, US","  80.9","24","9999.9"," 0","1016.1","24","999.9"," 0","999.9"," 0","  7.7","24"," 22.0"," 26.0","  84.2","*","  75.0","*"," 0.00","I","999.9","000000"
"99405099999","2014-09-25","26.61","-80.03","0.0","LAKE WORTH FL, US","  82.1","24","9999.9"," 0","1016.5","24","999.9"," 0","999.9"," 0"," 10.2","24"," 19.0"," 21.0","  83.5","*","  79.7","*"," 0.00","I","999.9","000000"
"99405099999","2014-09-26","26.61","-80.03","0.0","LAKE WORTH FL, US","  80.2","24","9999.9"," 0","1014.9","24","999.9"," 0","999.9"," 0","  7.4","24"," 19.0"," 21.0","  83.3","*","  75.7","*"," 0.00","I","999.9","000000"
"99405099999","2014-09-27","26.61","-80.03","0.0","LAKE WORTH FL, US","  83.4","24","  74.9"," 7","1014.4","24","999.9"," 0","999.9"," 0"," 10.6","24"," 13.0"," 14.0","  84.0","*","  82.8","*"," 0.00","I","999.9","000000"
"99405099999","2014-09-28","26.61","-80.03","0.0","LAKE WORTH FL, US","  82.8","24","  74.5","24","1014.5","24","999.9"," 0","999.9"," 0","  9.6","24"," 13.0"," 15.0","  83.8","*","  79.7","*"," 0.00","I","999.9","000000"
"99405099999","2014-09-29","26.61","-80.03","0.0","LAKE WORTH FL, US","  82.8","24","  73.5","24","1012.4","24","999.9"," 0","999.9"," 0","  6.9","24"," 13.0"," 15.0","  83.7","*","  79.2","*"," 0.00","I","999.9","000000"
"99405099999","2014-09-30","26.61","-80.03","0.0","LAKE WORTH FL, US","  80.1","24","  73.3","24","1010.7","24","999.9"," 0","999.9"," 0","  5.9","24"," 12.0"," 15.9","  88.0","*","  74.7","*"," 0.00","I","999.9","000000"
"99405099999","2014-10-01","26.61","-80.03","0.0","LAKE WORTH FL, US","  80.4","24","  73.8","24","1012.1","24","999.9"," 0","999.9"," 0","  4.1","24","  8.9"," 13.0","  88.2","*","  76.5","*"," 0.00","I","999.9","000000"
"99405099999","2014-10-02","26.61","-80.03","0.0","LAKE WORTH FL, US","  82.0","24","  73.1","24","1014.9","23","999.9"," 0","999.9"," 0","  6.1","24"," 14.0"," 17.1","  89.8","*","  77.0","*"," 0.00","I","999.9","000000"
"99405099999","2014-10-03","26.61","-80.03","0.0","LAKE WORTH FL, US","  83.5","24","  74.3","24","1015.5","24","999.9"," 0","999.9"," 0","  6.6","24"," 14.0"," 15.0","  86.7","*","  81.5","*"," 0.00","I","999.9","000000"
"99405099999","2014-10-04","26.61","-80.03","0.0","LAKE WORTH FL, US","  80.5","24","  73.0","24","1012.6","24","999.9"," 0","999.9"," 0","  6.4","24"," 14.0"," 22.9","  86.4","*","  77.2","*"," 0.00","I","999.9","000000"
"99405099999","2014-10-05","26.61","-80.03","0.0","LAKE WORTH FL, US","  75.4","24","  63.8","24","1012.9","24","999.9"," 0","999.9"," 0"," 10.1","24"," 19.0"," 21.0","  82.8","*","  66.4","*"," 0.00","I","999.9","000000"
"99405099999","2014-10-06","26.61","-80.03","0.0","LAKE WORTH FL, US","  79.0","24","  65.2","24","1016.0","24","999.9"," 0","999.9"," 0"," 10.5","24"," 15.0"," 17.1","  79.9","*","  75.7","*"," 0.00","I","999.9","000000"
"99405099999","2014-10-07","26.61","-80.03","0.0","LAKE WORTH FL, US","  80.6","24","  70.6","24","1017.5","24","999.9"," 0","999.9"," 0","  9.8","24"," 15.0"," 17.1","  81.7","*","  79.5","*"," 0.00","I","999.9","000000"
"99405099999","2014-10-08","26.61","-80.03","0.0","LAKE WORTH FL, US","  82.0","24","  72.1","24","1018.1","24","999.9"," 0","999.9"," 0","  7.9","24"," 15.9"," 18.1","  82.9","*","  81.0","*"," 0.00","I","999.9","000000"
"99405099999","2014-10-09","26.61","-80.03","0.0","LAKE WORTH FL, US","  82.0","24","  69.0","24","1017.2","24","999.9"," 0","999.9"," 0"," 12.0","24"," 15.9"," 18.1","  82.8","*","  80.8","*"," 0.00","I","999.9","000000"
"99405099999","2014-10-10","26.61","-80.03","0.0","LAKE WORTH FL, US","  81.7","23","  70.3","23","1016.1","23","999.9"," 0","999.9"," 0"," 14.2","23"," 15.9"," 20.0","  82.4","*","  81.0","*"," 0.00","I","999.9","000000"
"99405099999","2014-10-11","26.61","-80.03","0.0","LAKE WORTH FL, US","  81.7","24","  69.8","24","1015.5","24","999.9"," 0","999.9"," 0"," 11.9","24"," 15.9"," 20.0","  82.6","*","  80.8","*"," 0.00","I","999.9","000000"
"99405099999","2014-10-12","26.61","-80.03","0.0","LAKE WORTH FL, US","  81.6","21","  70.2","21","1016.2","21","999.9"," 0","999.9"," 0"," 11.2","21"," 14.0"," 17.1","  82.6","*","  80.6","*"," 0.00","I","999.9","000000"
"99405099999","2014-10-13","26.61","-80.03","0.0","LAKE WORTH FL, US","  81.9","24","  71.2","24","1017.5","24","999.9"," 0","999.9"," 0"," 14.4","24"," 15.9"," 19.0","  82.6","*","  81.3","*"," 0.00","I","999.9","000000"
"99405099999","2014-10-14","26.61","-80.03","0.0","LAKE WORTH FL, US","  82.3","24","  73.0","24","1015.8","24","999.9"," 0","999.9"," 0"," 14.5","24"," 17.1"," 19.0","  82.9","*","  81.0","*"," 0.00","I","999.9","000000"
"99405099999","2014-10-15","26.61","-80.03","0.0","LAKE WORTH FL, US","  80.3","24","  73.6","24","1014.1","24","999.9"," 0","999.9"," 0","  7.7","24"," 15.0"," 17.1","  83.3","*","  73.0","*"," 0.00","I","999.9","000000"
"99405099999","2014-10-16","26.61","-80.03","0.0","LAKE WORTH FL, US","  76.2","24","  64.2","24","1012.9","24","999.9"," 0","999.9"," 0","  7.3","24"," 12.0"," 17.1","  81.7","*","  69.1","*"," 0.00","I","999.9","000000"
"99405099999","2014-10-17","26.61","-80.03","0.0","LAKE WORTH FL, US","  74.1","24","  58.3","24","1013.4","24","999.9"," 0","999.9"," 0","  5.5","24"," 11.1"," 14.0","  78.8","*","  66.7","*"," 0.00","I","999.9","000000"
"99405099999","2014-10-18","26.61","-80.03","0.0","LAKE WORTH FL, US","  75.8","23","  62.3","23","1013.9","23","999.9"," 0","999.9"," 0","  5.1","23","  7.0","999.9","  79.7","*","  70.5","*"," 0.00","I","999.9","000000"
"99405099999","2014-10-19","26.61","-80.03","0.0","LAKE WORTH FL, US","  77.1","22","  64.4","22","1014.7","22","999.9"," 0","999.9"," 0","  5.3","22","  8.9"," 11.1","  80.8","*","  70.2","*"," 0.00","I","999.9","000000"
"99405099999","2014-10-20","26.61","-80.03","0.0","LAKE WORTH FL, US","  80.3","24","  63.6","24","1015.5","24","999.9"," 0","999.9"," 0","  7.7","24"," 12.0"," 14.0","  81.5","*","  79.5","*"," 0.00","I","999.9","000000"
"99405099999","2014-10-21","26.61","-80.03","0.0","LAKE WORTH FL, US","  78.2","23","  68.9","23","1013.7","22","999.9"," 0","999.9"," 0","  9.6","23"," 15.9"," 22.9","  80.8","*","  71.2","*"," 0.00","I","999.9","000000"
"99405099999","2014-10-22","26.61","-80.03","0.0","LAKE WORTH FL, US","  75.6","24","  69.4","24","1013.6","24","999.9"," 0","999.9"," 0","  5.2","24","  8.0","  9.9","  79.7","*","  72.7","*"," 0.00","I","999.9","000000"
"99405099999","2014-10-23","26.61","-80.03","0.0","LAKE WORTH FL, US","  77.6","24","  68.2","24","1012.9","24","999.9"," 0","999.9"," 0"," 13.5","24"," 20.0"," 22.9","  80.4","*","  73.4","*"," 0.00","I","999.9","000000"
"99405099999","2014-10-24","26.61","-80.03","0.0","LAKE WORTH FL, US","  78.1","24","  66.8","24","1011.7","24","999.9"," 0","999.9"," 0"," 20.1","24"," 24.1"," 27.0","  78.4","*","  77.7","*"," 0.00","I","999.9","000000"
"99405099999","2014-10-25","26.61","-80.03","0.0","LAKE WORTH FL, US","  75.8","24","  63.9","24","1011.8","24","999.9"," 0","999.9"," 0"," 15.5","24"," 24.1"," 26.0","  78.1","*","  68.0","*"," 0.00","I","999.9","000000"
"99405099999","2014-10-26","26.61","-80.03","0.0","LAKE WORTH FL, US","  73.3","24","  61.6","24","1013.6","24","999.9"," 0","999.9"," 0","  5.3","24"," 13.0"," 15.9","  77.7","*","  67.5","*"," 0.00","I","999.9","000000"
"99405099999","2014-10-27","26.61","-80.03","0.0","LAKE WORTH FL, US","  74.6","24","  62.0","24","1016.9","24","999.9"," 0","999.9"," 0","  7.1","24","  9.9"," 12.0","  78.4","*","  69.6","*"," 0.00","I","999.9","000000"
"99405099999","2014-10-28","26.61","-80.03","0.0","LAKE WORTH FL, US","  78.7","24","  64.4","24","1019.1","24","999.9"," 0","999.9"," 0","  9.7","24"," 12.0"," 15.0","  80.2","*","  77.9","*"," 0.00","I","999.9","000000"
"99405099999","2014-10-29","26.61","-80.03","0.0","LAKE WORTH FL, US","  79.3","24","  65.4","24","1017.9","24","999.9"," 0","999.9"," 0","  8.3","24"," 13.0"," 15.9","  80.8","*","  78.3","*"," 0.00","I","999.9","000000"
"99405099999","2014-10-30","26.61","-80.03","0.0","LAKE WORTH FL, US","  77.3","24","  64.6","24","1013.9","24","999.9"," 0","999.9"," 0","  6.2","24"," 11.1"," 12.0","  79.7","*","  70.5","*"," 0.00","I","999.9","000000"
"99405099999","2014-10-31","26.61","-80.03","0.0","LAKE WORTH FL, US","  76.7","23","  66.3","23","1010.0","23","999.9"," 0","999.9"," 0","  5.9","23"," 12.0"," 15.0","  80.2","*","  71.2","*"," 0.00","I","999.9","000000"
"99405099999","2014-11-01","26.61","-80.03","0.0","LAKE WORTH FL, US","  67.7","24","  52.2","24","1012.9","24","999.9"," 0","999.9"," 0"," 10.5","24"," 19.0"," 24.1","  76.3","*","  62.2","*"," 0.00","I","999.9","000000"
"99405099999","2014-11-02","26.61","-80.03","0.0","LAKE WORTH FL, US","  58.3","24","  40.1","24","1021.5","24","999.9"," 0","999.9"," 0"," 11.7","24"," 17.1"," 22.9","  66.0","*","  51.4","*"," 0.00","I","999.9","000000"
"99405099999","2014-11-03","26.61","-80.03","0.0","LAKE WORTH FL, US","  65.0","24","  51.2","24","1023.9","24","999.9"," 0","999.9"," 0"," 12.5","24"," 20.0"," 22.9","  72.9","*","  58.3","*"," 0.00","I","999.9","000000"
"99405099999","2014-11-04","26.61","-80.03","0.0","LAKE WORTH FL, US","  74.4","24","  56.4","24","1023.2","24","999.9"," 0","999.9"," 0"," 17.5","24"," 20.0"," 25.1","  75.9","*","  73.0","*"," 0.00","I","999.9","000000"
"99405099999","2014-11-05","26.61","-80.03","0.0","LAKE WORTH FL, US","  76.3","24","  63.5","24","1020.9","24","999.9"," 0","999.9"," 0"," 18.5","24"," 20.0"," 26.0","  77.2","*","  75.4","*"," 0.00","I","999.9","000000"
"99405099999","2014-11-06","26.61","-80.03","0.0","LAKE WORTH FL, US","  77.5","24","  62.7","24","1018.2","24","999.9"," 0","999.9"," 0"," 11.2","24"," 19.0"," 24.1","  79.2","*","  76.3","*"," 0.00","I","999.9","000000"
"99405099999","2014-11-07","26.61","-80.03","0.0","LAKE WORTH FL, US","  72.9","24","  62.6","24","1014.1","24","999.9"," 0","999.9"," 0","  5.7","24"," 13.0"," 15.9","  77.2","*","  67.6","*"," 0.00","I","999.9","000000"
"99405099999","2014-11-08","26.61","-80.03","0.0","LAKE WORTH FL, US","  73.9","24","  65.7","24","1012.6","24","999.9"," 0","999.9"," 0","  7.6","24"," 15.0"," 17.1","  77.4","*","  68.7","*"," 0.00","I","999.9","000000"
"99405099999","2014-11-09","26.61","-80.03","0.0","LAKE WORTH FL, US","  70.3","24","  65.8","24","1010.9","24","999.9"," 0","999.9"," 0","  5.8","24"," 15.9"," 19.0","  77.5","*","  65.5","*"," 0.00","I","999.9","000000"
"99405099999","2014-11-10","26.61","-80.03","0.0","LAKE WORTH FL, US","  67.6","24","  63.4","24","1012.1","24","999.9"," 0","999.9"," 0","  6.6","24"," 11.1"," 13.0","  75.4","*","  64.2","*"," 0.00","I","999.9","000000"
"99405099999","2014-11-11","26.61","-80.03","0.0","LAKE WORTH FL, US","  69.4","24","  58.1","24","1012.1","24","999.9"," 0","999.9"," 0","  7.4","24"," 13.0"," 17.1","  77.0","*","  62.8","*"," 0.00","I","999.9","000000"
"99405099999","2014-11-12","26.61","-80.03","0.0","LAKE WORTH FL, US","  70.4","24","  60.8","24","1014.2","24","999.9"," 0","999.9"," 0","  9.6","24"," 21.0"," 22.9","  77.0","*","  63.5","*"," 0.00","I","999.9","000000"
"99405099999","2014-11-13","26.61","-80.03","0.0","LAKE WORTH FL, US","  73.5","24","  64.7","24","1015.4","24","999.9"," 0","999.9"," 0","  8.2","24"," 13.0"," 15.9","  77.2","*","  69.3","*"," 0.00","I","999.9","000000"
"99405099999","2014-11-14","26.61","-80.03","0.0","LAKE WORTH FL, US","  72.1","24","  62.0","24","1015.9","24","999.9"," 0","999.9"," 0","  6.7","24"," 11.1"," 13.0","  76.8","*","  66.6","*"," 0.00","I","999.9","000000"
"99405099999","2014-11-15","26.61","-80.03","0.0","LAKE WORTH FL, US","  70.3","24","  62.5","24","1019.5","24","999.9"," 0","999.9"," 0","  8.7","24"," 11.1"," 14.0","  76.3","*","  63.7","*"," 0.00","I","999.9","000000"
"99405099999","2014-11-16","26.61","-80.03","0.0","LAKE WORTH FL, US","  76.5","24","  65.6","24","1020.5","24","999.9"," 0","999.9"," 0"," 11.0","24"," 13.0"," 17.1","  78.3","*","  75.2","*"," 0.00","I","999.9","000000"
"99405099999","2014-11-17","26.61","-80.03","0.0","LAKE WORTH FL, US","  78.8","24","  72.5","24","1015.9","24","999.9"," 0","999.9"," 0"," 15.2","24"," 19.0"," 22.0","  82.0","*","  77.4","*"," 0.00","I","999.9","000000"
"99405099999","2014-11-18","26.61","-80.03","0.0","LAKE WORTH FL, US","  71.0","24","  64.7","24","1017.0","24","999.9"," 0","999.9"," 0","  9.0","24"," 18.1"," 22.9","  81.1","*","  58.3","*"," 0.00","I","999.9","000000"
"99405099999","2014-11-19","26.61","-80.03","0.0","LAKE WORTH FL, US","  59.9","24","  53.9","24","1021.8","24","999.9"," 0","999.9"," 0"," 12.8","24"," 22.0"," 26.0","  71.6","*","  54.3","*"," 0.00","I","999.9","000000"
"99405099999","2014-11-20","26.61","-80.03","0.0","LAKE WORTH FL, US","  69.0","24","  58.7","24","1020.9","24","999.9"," 0","999.9"," 0"," 13.3","24"," 20.0"," 28.0","  73.4","*","  61.3","*"," 0.00","I","999.9","000000"
"99405099999","2014-11-21","26.61","-80.03","0.0","LAKE WORTH FL, US","  72.8","24","  62.7","24","1021.0","24","999.9"," 0","999.9"," 0"," 20.6","24"," 25.1"," 28.9","  73.9","*","  71.1","*"," 0.00","I","999.9","000000"
"99405099999","2014-11-22","26.61","-80.03","0.0","LAKE WORTH FL, US","  75.3","24","  67.3","24","1021.4","24","999.9"," 0","999.9"," 0"," 22.1","24"," 24.1"," 28.9","  77.0","*","  71.8","*"," 0.00","I","999.9","000000"
"99405099999","2014-11-23","26.61","-80.03","0.0","LAKE WORTH FL, US","  78.1","24","  71.7","23","1016.4","24","999.9"," 0","999.9"," 0"," 20.0","24"," 25.1"," 31.1","  79.3","*","  75.7","*"," 0.00","I","999.9","000000"
"99405099999","2014-11-24","26.61","-80.03","0.0","LAKE WORTH FL, US","  79.3","24","  75.1","24","1014.7","24","999.9"," 0","999.9"," 0"," 12.9","24"," 18.1"," 20.0","  80.1","*","  78.6","*"," 0.00","I","999.9","000000"
"99405099999","2014-11-25","26.61","-80.03","0.0","LAKE WORTH FL, US","  79.4","24","  74.6","24","1015.8","24","999.9"," 0","999.9"," 0"," 16.6","24"," 22.0"," 25.1","  79.7","*","  79.0","*"," 0.00","I","999.9","000000"
"99405099999","2014-11-26","26.61","-80.03","0.0","LAKE WORTH FL, US","  73.5","24","  68.6","24","1015.6","24","999.9"," 0","999.9"," 0"," 13.1","24"," 20.0"," 24.1","  79.3","*","  61.5","*"," 0.00","I","999.9","000000"
"99405099999","2014-11-27","26.61","-80.03","0.0","LAKE WORTH FL, US","  61.4","24","  44.5","24","1022.1","24","999.9"," 0","999.9"," 0"," 10.8","24"," 15.9"," 22.0","  71.8","*","  54.7","*"," 0.00","I","999.9","000000"
"99405099999","2014-11-28","26.61","-80.03","0.0","LAKE WORTH FL, US","  60.6","24","  48.0","24","1022.0","24","999.9"," 0","999.9"," 0"," 13.1","24"," 20.0"," 24.1","  66.7","*","  51.8","*"," 0.00","I","999.9","000000"
"99405099999","2014-11-29","26.61","-80.03","0.0","LAKE WORTH FL, US","  62.7","24","  51.9","24","1022.6","24","999.9"," 0","999.9"," 0"," 11.6","24"," 17.1"," 19.0","  71.4","*","  54.5","*"," 0.00","I","999.9","000000"
"99405099999","2014-11-30","26.61","-80.03","0.0","LAKE WORTH FL, US","  72.6","24","  56.1","24","1023.9","24","999.9"," 0","999.9"," 0"," 16.1","24"," 19.0"," 24.1","  74.1","*","  71.1","*"," 0.00","I","999.9","000000"
"99405099999","2014-12-01","26.61","-80.03","0.0","LAKE WORTH FL, US","  74.7","24","  62.8","24","1023.6","24","999.9"," 0","999.9"," 0"," 17.0","24"," 24.1"," 28.0","  76.3","*","  71.2","*"," 0.00","I","999.9","000000"
"99405099999","2014-12-02","26.61","-80.03","0.0","LAKE WORTH FL, US","  75.4","24","  65.7","24","1021.0","24","999.9"," 0","999.9"," 0"," 18.7","24"," 22.9"," 26.0","  76.6","*","  73.9","*"," 0.00","I","999.9","000000"
"99405099999","2014-12-03","26.61","-80.03","0.0","LAKE WORTH FL, US","  75.3","24","  65.7","24","1019.6","24","999.9"," 0","999.9"," 0"," 16.2","24"," 20.0"," 24.1","  76.1","*","  70.9","*"," 0.00","I","999.9","000000"
"99405099999","2014-12-04","26.61","-80.03","0.0","LAKE WORTH FL, US","  75.9","24","  67.1","24","1019.4","24","999.9"," 0","999.9"," 0"," 17.3","24"," 19.0"," 24.1","  76.8","*","  73.6","*"," 0.00","I","999.9","000000"
"99405099999","2014-12-05","26.61","-80.03","0.0","LAKE WORTH FL, US","  76.1","24","  68.3","24","1021.0","24","999.9"," 0","999.9"," 0"," 15.2","24"," 19.0"," 21.0","  77.4","*","  74.3","*"," 0.00","I","999.9","000000"
"99405099999","2014-12-06","26.61","-80.03","0.0","LAKE WORTH FL, US","  75.7","24","  64.2","24","1021.3","24","999.9"," 0","999.9"," 0"," 11.3","24"," 19.0"," 22.0","  76.5","*","  74.8","*"," 0.00","I","999.9","000000"
"99405099999","2014-12-07","26.61","-80.03","0.0","LAKE WORTH FL, US","  71.3","24","  62.6","24","1017.7","24","999.9"," 0","999.9"," 0","  7.9","24"," 15.0"," 19.0","  75.7","*","  66.6","*"," 0.00","I","999.9","000000"
"99405099999","2014-12-08","26.61","-80.03","0.0","LAKE WORTH FL, US","  66.1","24","  59.6","24","1016.7","24","999.9"," 0","999.9"," 0","  7.0","24"," 12.0"," 15.0","  72.1","*","  58.1","*"," 0.00","I","999.9","000000"
"99405099999","2014-12-09","26.61","-80.03","0.0","LAKE WORTH FL, US","  64.2","24","  57.4","24","1015.2","24","999.9"," 0","999.9"," 0","  7.4","24"," 13.0"," 19.0","  69.8","*","  59.4","*"," 0.00","I","999.9","000000"
"99405099999","2014-12-10","26.61","-80.03","0.0","LAKE WORTH FL, US","  57.9","24","  41.7","24","1018.0","24","999.9"," 0","999.9"," 0","  9.6","24"," 15.9"," 21.0","  64.8","*","  51.8","*"," 0.00","I","999.9","000000"
"99405099999","2014-12-11","26.61","-80.03","0.0","LAKE WORTH FL, US","  58.3","24","  46.0","24","1020.3","24","999.9"," 0","999.9"," 0","  5.7","24"," 12.0"," 17.1","  65.3","*","  49.8","*"," 0.00","I","999.9","000000"
"99405099999","2014-12-12","26.61","-80.03","0.0","LAKE WORTH FL, US","  59.8","24","  47.4","24","1021.7","24","999.9"," 0","999.9"," 0","  6.4","24"," 11.1"," 14.0","  65.3","*","  52.3","*"," 0.00","I","999.9","000000"
"99405099999","2014-12-13","26.61","-80.03","0.0","LAKE WORTH FL, US","  61.8","24","  50.9","24","1019.5","24","999.9"," 0","999.9"," 0"," 11.5","24"," 17.1"," 20.0","  70.0","*","  55.8","*"," 0.00","I","999.9","000000"
"99405099999","2014-12-14","26.61","-80.03","0.0","LAKE WORTH FL, US","  64.5","24","  49.2","24","1017.6","24","999.9"," 0","999.9"," 0","  7.9","24"," 12.0"," 15.9","  71.1","*","  58.5","*"," 0.00","I","999.9","000000"
"99405099999","2014-12-15","26.61","-80.03","0.0","LAKE WORTH FL, US","  66.7","24","  46.9","24","1018.0","24","999.9"," 0","999.9"," 0","  5.4","24","  8.0","  9.9","  74.1","*","  60.6","*"," 0.00","I","999.9","000000"
"99405099999","2014-12-16","26.61","-80.03","0.0","LAKE WORTH FL, US","  67.6","24","  52.4","24","1020.4","24","999.9"," 0","999.9"," 0","  5.3","24","  8.0","999.9","  75.2","*","  60.4","*"," 0.00","I","999.9","000000"
"99405099999","2014-12-17","26.61","-80.03","0.0","LAKE WORTH FL, US","  67.4","24","  54.2","24","1021.0","24","999.9"," 0","999.9"," 0","  4.6","24","  6.0","999.9","  76.5","*","  59.2","*"," 0.00","I","999.9","000000"
"99405099999","2014-12-18","26.61","-80.03","0.0","LAKE WORTH FL, US","  68.5","24","  56.7","24","1019.9","24","999.9"," 0","999.9"," 0","  4.7","24","  7.0","  9.9","  74.5","*","  60.8","*"," 0.00","I","999.9","000000"
"99405099999","2014-12-19","26.61","-80.03","0.0","LAKE WORTH FL, US","  67.6","24","  55.0","24","1018.3","24","999.9"," 0","999.9"," 0","  5.2","24","  9.9"," 11.1","  73.6","*","  61.7","*"," 0.00","I","999.9","000000"
"99405099999","2014-12-20","26.61","-80.03","0.0","LAKE WORTH FL, US","  72.9","24","  60.1","24","1017.9","24","999.9"," 0","999.9"," 0","  8.2","24"," 13.0"," 14.0","  74.7","*","  68.5","*"," 0.00","I","999.9","000000"
"99405099999","2014-12-21","26.61","-80.03","0.0","LAKE WORTH FL, US","  74.0","24","  63.6","24","1018.0","24","999.9"," 0","999.9"," 0","  7.9","24"," 13.0"," 15.0","  75.7","*","  67.3","*"," 0.00","I","999.9","000000"
"99405099999","2014-12-22","26.61","-80.03","0.0","LAKE WORTH FL, US","  74.9","24","  66.1","24","1016.1","24","999.9"," 0","999.9"," 0"," 10.8","24"," 15.9"," 18.1","  76.5","*","  70.3","*"," 0.00","I","999.9","000000"
"99405099999","2014-12-23","26.61","-80.03","0.0","LAKE WORTH FL, US","  76.5","24","  70.3","24","1014.4","24","999.9"," 0","999.9"," 0"," 13.7","24"," 17.1"," 19.0","  77.0","*","  75.7","*"," 0.00","I","999.9","000000"
"99405099999","2014-12-24","26.61","-80.03","0.0","LAKE WORTH FL, US","  77.0","24","  71.7","24","1013.5","24","999.9"," 0","999.9"," 0"," 17.2","24"," 21.0","999.9","  77.7","*","  76.3","*"," 0.00","I","999.9","000000"
"99405099999","2014-12-25","26.61","-80.03","0.0","LAKE WORTH FL, US","  71.4","24","  64.4","24","1017.8","24","999.9"," 0","999.9"," 0"," 12.2","24"," 20.0","999.9","  77.9","*","  66.9","*"," 0.00","I","999.9","000000"
"99405099999","2014-12-26","26.61","-80.03","0.0","LAKE WORTH FL, US","  70.4","24","  62.9","24","1021.0","24","999.9"," 0","999.9"," 0"," 10.0","24"," 15.0","999.9","  74.7","*","  65.3","*"," 0.00","I","999.9","000000"
"99405099999","2014-12-27","26.61","-80.03","0.0","LAKE WORTH FL, US","  76.2","24","  69.6","24","1021.7","24","999.9"," 0","999.9"," 0","  6.2","24","  8.9","999.9","  78.3","*","  73.0","*"," 0.00","I","999.9","000000"
"99405099999","2014-12-28","26.61","-80.03","0.0","LAKE WORTH FL, US","  75.4","24","  68.4","24","1020.7","24","999.9"," 0","999.9"," 0","  6.9","24","  9.9","999.9","  76.8","*","  69.6","*"," 0.00","I","999.9","000000"
"99405099999","2014-12-29","26.61","-80.03","0.0","LAKE WORTH FL, US","  76.4","24","  69.9","24","1019.4","24","999.9"," 0","999.9"," 0"," 10.7","24"," 15.9","999.9","  77.5","*","  73.0","*"," 0.00","I","999.9","000000"
"99405099999","2014-12-30","26.61","-80.03","0.0","LAKE WORTH FL, US","  75.2","24","  67.9","24","1020.1","24","999.9"," 0","999.9"," 0","  5.6","24"," 13.0","999.9","  78.4","*","  70.5","*"," 0.00","I","999.9","000000"
"99405099999","2014-12-31","26.61","-80.03","0.0","LAKE WORTH FL, US","  73.6","24","  68.6","24","1021.2","24","999.9"," 0","999.9"," 0","  5.6","24","  9.9","999.9","  77.0","*","  70.5","*"," 0.00","I","999.9","000000"
